# This file uses centimeters as units for non-parametric coordinates.

mtllib Man_0928.mtl
g default
v 0.017497 508.581982 55.578541
v 0.312460 488.782319 48.237018
v 0.241472 493.390789 50.275327
v 0.017497 504.054385 53.837866
v 0.043990 500.493848 52.870697
v 0.017497 513.416171 49.712986
v 0.017497 521.472234 47.849535
v 0.284645 485.254346 46.567096
v 0.143082 479.429970 42.042558
v 0.039240 477.992918 34.466491
v 0.015241 479.339696 27.472520
v 0.017497 481.010461 14.387489
v 0.017497 529.475289 49.072905
v 0.017497 537.440381 50.138732
v 14.139727 482.373814 35.778850
v 13.245453 481.177281 30.742371
v 11.135577 481.264006 24.355279
v 21.398098 485.875858 30.737555
v 19.908205 484.225411 26.394126
v 17.288640 484.011602 20.704557
v 33.679145 496.559113 19.025985
v 30.966552 493.022401 15.458842
v 26.629010 490.447969 10.981343
v 42.617444 511.868685 1.668429
v 38.791567 503.948936 1.524982
v 32.265508 495.332817 0.502078
v 13.631623 484.908634 39.648223
v 21.722043 488.501444 34.048321
v 34.631882 501.157196 22.410383
v 44.894538 518.993961 1.437799
v 12.343352 514.908537 41.233970
v 11.811687 488.382732 43.049385
v 11.811858 502.493632 45.007094
v 40.218292 528.578628 21.540566
v 46.382541 526.293969 1.416977
v 10.950882 521.299893 42.046988
v 11.454645 527.865733 42.364398
v 9.088362 533.511255 44.677588
v 18.008862 535.914088 41.262944
v 17.503059 540.173178 42.769122
v 23.850671 536.360788 39.631603
v 23.951670 540.919877 40.756644
v 29.852877 532.620326 36.255842
v 30.095974 538.388190 37.206241
v 32.140117 525.388579 34.456129
v 35.582552 531.034884 31.484999
v 13.723310 532.988710 42.369465
v 12.047413 537.365318 43.966275
v 31.500721 518.853778 34.593967
v 35.301422 521.396676 31.317887
v 28.836829 514.562948 34.903228
v 31.835561 514.772098 32.652370
v 25.964024 511.795896 37.344306
v 21.611648 510.256291 38.900091
v 16.305586 511.020179 39.910357
v 23.318313 506.608616 39.200744
v 12.100346 509.919690 42.981425
v 13.783317 506.421520 43.274110
v 28.191869 509.518372 36.941109
v 6.478153 528.209961 45.795947
v 5.639129 534.574111 46.703294
v 5.950355 521.463660 44.947173
v 6.773555 513.809450 45.161358
v 7.543975 509.394961 47.008027
v 5.858675 493.425455 47.669274
v 9.842064 498.888125 46.052072
v 8.261227 505.803015 47.132991
v 21.577741 491.424226 36.632938
v 47.326004 533.695625 1.788473
v 25.219118 504.356483 37.838614
v 39.585677 541.015586 21.628862
v 47.143997 546.029616 2.248552
v 35.394868 558.576182 22.599946
v 43.702886 564.259170 2.147736
v 23.573498 584.039378 16.400020
v 25.560785 584.490116 2.128465
v 0.017497 589.354935 17.858487
v 0.017497 592.827464 2.235324
v 35.602462 576.177788 2.111613
v 30.565485 575.823258 17.185728
v 13.452599 590.124261 2.201714
v 12.852813 588.315987 16.828317
v 0.017497 581.546524 37.119110
v 0.017497 586.346335 26.580965
v 29.028327 490.324064 25.675193
v 29.693325 493.483160 29.323501
v 23.386947 487.432650 16.844873
v 26.850884 488.050990 21.558807
v 28.000168 500.534241 35.874047
v 29.701170 496.144690 32.329348
v 30.233450 508.773568 35.009891
v 32.887939 507.829961 32.043357
v 38.369071 525.092495 26.795128
v 35.065902 515.730955 28.958797
v 0.017497 548.026688 51.487673
v 15.527299 547.722320 46.438305
v 23.753212 547.910158 42.092148
v 31.575429 546.930359 35.149239
v 37.281390 536.515773 28.132653
v 8.562923 541.899552 48.072243
v 21.799993 580.428473 24.259109
v 39.953694 518.078428 15.848303
v 26.903208 575.159494 23.091334
v 12.110066 584.857183 25.644938
v 20.703522 571.019366 32.914190
v 27.485089 565.797254 28.338715
v 10.297362 575.091978 39.371286
v 22.765026 558.272971 41.106925
v 28.907050 555.682752 37.096644
v 10.242593 561.950284 45.498395
v 34.570541 505.552889 26.277635
v 30.103811 493.283775 6.461157
v 34.593215 498.777650 9.504992
v 37.400434 504.230098 11.559910
v 38.888442 510.853976 13.299846
v 37.166938 516.782186 23.688615
v 43.929585 543.682761 11.147505
v 40.479297 563.140380 10.823897
v 25.057871 585.427252 9.044007
v 0.017497 591.297546 9.887155
v 34.002886 576.966573 9.515172
v 13.405122 589.837907 9.205667
v 43.101781 530.463655 11.997690
v 0.017497 561.576008 50.409131
v 0.017497 573.388319 44.363099
v 5.734539 483.446234 44.066325
v 3.841595 528.726323 47.133255
v 4.169969 504.989541 50.645094
v 3.878533 545.276866 49.900501
v 4.047187 501.454108 50.617822
v 3.830954 535.496036 47.808292
v 3.940934 513.654092 47.069027
v 5.173984 479.806800 26.668719
v 7.187181 554.129834 50.232551
v 4.254977 493.479164 48.310383
v 6.222860 479.245798 33.260581
v 3.830652 521.466711 45.984138
v 6.543403 479.948557 39.570836
v 3.915944 509.050239 50.471356
v 4.742555 487.964020 46.454086
v 14.307139 538.584191 43.361950
v 15.749246 534.815371 41.943985
v 11.983298 544.767717 47.163657
v 4.122550 493.654267 48.582389
v 0.247785 493.245736 49.964178
v 0.131441 496.846874 52.150946
v 3.860906 498.467477 50.839148
v 6.933644 499.235321 47.959194
v 12.408280 496.996378 44.362498
v 0.291091 491.141789 49.482849
v 7.585965 490.682227 46.345085
v 4.077769 490.651436 47.858103
v 0.170937 495.598694 51.583585
v 3.725116 496.588260 49.736520
v 6.314144 496.972388 48.110008
v 5.687216 493.544498 47.820521
v 10.363129 493.304968 45.262737
v 6.229444 493.476320 47.543425
v 9.900233 495.130929 45.710235
v 9.592190 491.715034 45.535355
v 8.411686 496.570906 46.757494
v 7.763615 493.855378 47.022132
v 13.737002 494.156902 43.302755
v 13.555618 491.155184 43.055889
v 17.271587 500.726657 41.978999
v 20.071994 497.642705 40.085856
v 21.385807 494.848448 38.562358
v 7.717732 502.368200 47.655356
v 4.176237 492.048462 48.424944
v 8.579118 493.567457 46.451782
v 7.723049 492.787659 46.857556
v 3.894510 495.507638 49.449104
v 0.277125 491.777771 49.952591
v 8.424583 494.377140 46.625606
v 6.410451 492.116433 47.405900
v 5.931149 495.370582 48.234368
v 7.316603 494.986330 47.375551
v 0.189895 494.953560 51.406798
v 1.254730 481.222290 14.029668
v 9.961813 485.174619 -0.699618
v 10.647878 484.565430 2.316078
v 3.350095 481.408357 13.369761
v 6.668602 481.930819 10.948905
v 9.127541 482.787534 8.585163
v 10.580904 483.580934 6.140689
v 6.318142 513.139830 32.744971
v 4.474322 521.763574 32.664668
v 5.187208 530.659865 32.097148
v 14.128890 541.649303 30.685194
v 22.059766 542.300866 30.041673
v 29.991987 537.163215 29.553728
v 32.784312 527.237209 29.522869
v 8.289519 537.638769 31.324572
v 31.800944 518.381726 29.749845
v 28.365688 512.581423 30.298149
v 24.693031 508.634986 30.804750
v 18.790460 506.482977 31.436415
v 11.653212 507.318175 32.189217
v 11.050213 540.137480 30.971861
v 8.784497 513.149558 30.427461
v 7.253192 520.252204 30.707951
v 7.806194 527.547678 30.618822
v 15.001014 536.490382 29.459407
v 21.413797 536.986669 28.426005
v 27.996994 532.828733 27.364889
v 30.430044 524.789446 26.962823
v 10.296596 533.239902 30.217514
v 29.740071 517.562562 27.068080
v 27.019278 512.777424 27.584703
v 23.950392 509.476985 27.975736
v 19.082671 507.683630 28.625045
v 13.213416 508.341624 29.555871
v 12.520547 535.269530 29.859129
v 20.929765 536.822328 40.447274
v 20.727365 540.546507 41.762882
v 18.213157 586.177620 16.614162
v 19.506692 587.307209 2.165091
v 19.662661 547.859499 44.312145
v 16.955031 582.642848 24.952026
v 15.511497 573.044461 36.139198
v 17.201085 560.018017 42.821360
v 19.231499 587.632641 9.124836
v 18.094328 541.975064 30.363434
v 18.207406 536.738526 28.942707
v 0.017445 479.870484 20.693678
v 20.869108 487.594271 4.675164
v 23.471329 489.370601 -1.379448
v 22.214876 488.393855 2.335838
v 13.510933 483.526525 12.782315
v 18.228657 486.024411 9.056450
v 8.259130 481.473732 16.308118
v 3.141338 480.295379 19.218462
v -14.098902 482.378966 35.769859
v -13.203796 481.204774 30.710116
v -11.097560 481.269654 24.347429
v -21.361874 485.875363 30.737704
v -19.871879 484.225040 26.394284
v -17.252296 484.011231 20.704711
v -33.645337 496.559360 19.025875
v -30.932239 493.022401 15.458793
v -26.594092 490.447845 10.981361
v -42.582461 511.868767 1.668414
v -38.756806 503.949100 1.524943
v -32.230842 495.332982 0.502044
v -13.594485 484.904635 39.648231
v -21.685873 488.501073 34.048462
v -34.598203 501.157567 22.410249
v -44.859429 518.993961 1.437813
v -12.308358 514.908537 41.233970
v -11.720322 488.366491 43.060661
v -11.776067 502.493591 45.007172
v -40.183456 528.578751 21.540542
v -46.347324 526.293886 1.417004
v -10.915889 521.299893 42.046988
v -11.419651 527.865733 42.364398
v -9.053367 533.511296 44.677588
v -17.973869 535.914088 41.262944
v -17.468066 540.173178 42.769122
v -23.815678 536.360788 39.631603
v -23.916677 540.919877 40.756644
v -29.817884 532.620368 36.255842
v -30.060981 538.388190 37.206241
v -32.105149 525.388579 34.456129
v -35.547637 531.034884 31.484988
v -13.688316 532.988710 42.369465
v -12.012419 537.365318 43.966275
v -31.465890 518.853778 34.593957
v -35.266548 521.396758 31.317869
v -28.802101 514.562866 34.903220
v -31.801016 514.772098 32.652332
v -25.929147 511.795690 37.344345
v -21.576448 510.256044 38.900165
v -16.270225 511.019932 39.910419
v -23.283096 506.608286 39.200801
v -12.065021 509.919649 42.981456
v -13.747674 506.421355 43.274177
v -28.157143 509.518248 36.941109
v -6.443159 528.209961 45.795947
v -5.604134 534.574111 46.703294
v -5.915361 521.463660 44.947173
v -6.738561 513.809450 45.161358
v -7.508981 509.394961 47.008027
v -5.503319 493.408513 47.685129
v -9.796762 498.884003 46.055946
v -8.226232 505.803015 47.132991
v -21.541647 491.423896 36.633075
v -47.290797 533.695584 1.788498
v -25.184020 504.356236 37.838658
v -39.550774 541.015710 21.628849
v -47.108945 546.029616 2.248560
v -35.359875 558.576182 22.599946
v -43.667890 564.259170 2.147736
v -23.538502 584.039378 16.400020
v -25.525792 584.490116 2.128465
v -35.567471 576.177788 2.111613
v -30.530491 575.823258 17.185728
v -13.417606 590.124261 2.201714
v -12.817819 588.315987 16.828317
v -28.993648 490.323940 25.675193
v -29.658834 493.483036 29.323486
v -23.351454 487.432279 16.844956
v -26.815790 488.050784 21.558849
v -27.965378 500.534035 35.874055
v -29.666676 496.144566 32.329325
v -30.198921 508.773527 35.009868
v -32.853713 507.830168 32.043293
v -38.334207 525.092618 26.795105
v -35.031455 515.731202 28.958735
v -15.492304 547.722320 46.438305
v -23.718216 547.910158 42.092148
v -31.540434 546.930359 35.149239
v -37.246480 536.515773 28.132643
v -8.527930 541.899552 48.072243
v -21.764999 580.428596 24.259109
v -39.918811 518.078634 15.848267
v -26.868214 575.159494 23.091334
v -12.075072 584.857183 25.644938
v -20.668528 571.019366 32.914190
v -27.450093 565.797254 28.338715
v -10.262368 575.091978 39.371286
v -22.730033 558.272971 41.106925
v -28.872057 555.682752 37.096644
v -10.207599 561.950325 45.498395
v -34.536708 505.553219 26.277519
v -30.069289 493.283899 6.461121
v -34.559123 498.777856 9.504897
v -37.366291 504.230346 11.559806
v -38.853913 510.854182 13.299773
v -37.132380 516.782351 23.688553
v -43.894605 543.682761 11.147504
v -40.444306 563.140462 10.823897
v -25.022878 585.427252 9.044007
v -33.967891 576.966573 9.515172
v -13.370129 589.837907 9.205667
v -43.066865 530.463696 11.997675
v -5.412684 483.338073 44.052284
v -3.806602 528.726405 47.133255
v -4.134975 504.989541 50.645094
v -3.843539 545.276989 49.900501
v -3.988029 501.451387 50.620398
v -3.795960 535.496036 47.808292
v -3.905941 513.654133 47.069027
v -5.124892 479.949009 26.519160
v -7.152187 554.129834 50.232551
v -3.834238 493.465521 48.323213
v -6.170568 479.256597 33.212192
v -3.795659 521.466711 45.984138
v -6.382252 479.912696 39.468668
v -3.880950 509.050239 50.471356
v -4.252230 487.893740 46.467560
v -14.272146 538.584191 43.361950
v -15.714253 534.815371 41.943985
v -11.948304 544.767717 47.163657
v -3.705105 493.641241 48.594724
v -3.693823 498.461005 50.845228
v -6.845675 499.228272 47.965882
v -12.371513 496.995430 44.363379
v -7.255027 490.656959 46.364535
v -3.558795 490.629672 47.872206
v -3.450395 496.579604 49.744764
v -6.126453 496.960847 48.120905
v -5.328623 493.528175 47.835958
v -10.229299 493.289923 45.276695
v -5.892960 493.458967 47.559686
v -9.784530 495.117986 45.722174
v -9.392696 491.696196 45.552724
v -8.279934 496.558787 46.768778
v -7.513812 493.837654 47.038656
v -13.700065 494.155830 43.303631
v -13.510307 491.149784 43.060859
v -17.235624 500.726286 41.979118
v -20.036039 497.642252 40.085974
v -21.349840 494.848035 38.562484
v -7.682695 502.368200 47.655356
v -3.697540 492.033664 48.438897
v -8.362626 493.549691 46.468291
v -7.439762 492.768285 46.875533
v -3.565147 495.497292 49.458889
v -8.223800 494.360570 46.640976
v -6.038441 492.097060 47.423949
v -5.659691 495.356691 48.247574
v -7.085508 494.970501 47.390267
v -1.219736 481.222290 14.029668
v -9.926819 485.174743 -0.699618
v -10.612885 484.565430 2.316078
v -3.315101 481.408357 13.369761
v -6.633608 481.930819 10.948905
v -9.092485 482.787534 8.585169
v -10.545910 483.580934 6.140689
v -6.283148 513.139830 32.744971
v -4.439328 521.763574 32.664668
v -5.152215 530.659865 32.097148
v -14.093897 541.649303 30.685194
v -22.024773 542.300866 30.041673
v -29.956991 537.163297 29.553728
v -32.749522 527.237250 29.522848
v -8.254526 537.638769 31.324572
v -31.766383 518.381809 29.749807
v -28.331128 512.581300 30.298133
v -24.658048 508.634739 30.804794
v -18.754813 506.482482 31.436533
v -11.617353 507.317721 32.189338
v -11.015220 540.137480 30.971861
v -8.749389 513.149475 30.427484
v -7.218198 520.252287 30.707951
v -7.771200 527.547760 30.618822
v -14.966020 536.490382 29.459407
v -21.378801 536.986711 28.426005
v -27.962111 532.828815 27.364876
v -30.395437 524.789487 26.962787
v -10.261601 533.239902 30.217514
v -29.705665 517.562562 27.068033
v -26.984761 512.777300 27.584687
v -23.915407 509.476573 27.975788
v -19.047162 507.683177 28.625154
v -13.177686 508.341253 29.555984
v -12.485553 535.269530 29.859129
v -20.894772 536.822410 40.447274
v -20.692371 540.546507 41.762882
v -18.178164 586.177744 16.614162
v -19.471699 587.307209 2.165091
v -19.627666 547.859499 44.312145
v -16.920034 582.642848 24.952026
v -15.476503 573.044461 36.139198
v -17.166092 560.018017 42.821360
v -19.196505 587.632641 9.124836
v -18.059333 541.975064 30.363434
v -18.172411 536.738526 28.942707
v -20.833944 487.594271 4.675192
v -23.436339 489.370601 -1.379448
v -22.179842 488.393855 2.335850
v -13.474995 483.526360 12.782410
v -18.193136 486.024287 9.056516
v -8.223312 481.473608 16.308197
v -3.106216 480.295626 19.218287
vt 0.394757 0.145103
vt 0.361562 0.118989
vt 0.628876 0.140128
vt 0.602456 0.166687
vt 0.425608 0.179244
vt 0.578285 0.192182
vt 0.637356 0.187368
vt 0.659227 0.158721
vt 0.696655 0.176748
vt 0.678433 0.204255
vt 0.620168 0.209487
vt 0.665616 0.226389
vt 0.734934 0.197235
vt 0.722184 0.224082
vt 0.712529 0.248108
vt 0.811598 0.257470
vt 0.807680 0.214127
vt 0.843827 0.214241
vt 0.865953 0.273849
vt 0.815563 0.293572
vt 0.883987 0.321377
vt 0.702388 0.270220
vt 0.654749 0.245960
vt 0.898801 0.361575
vt 0.819399 0.332295
vt 0.558529 0.216738
vt 0.444382 0.218754
vt 0.604222 0.228645
vt 0.692577 0.287742
vt 0.645442 0.264430
vt 0.544319 0.241700
vt 0.451106 0.240340
vt 0.591863 0.264776
vt 0.584998 0.248930
vt 0.638663 0.284056
vt 0.568343 0.509092
vt 0.567911 0.473193
vt 0.671475 0.442888
vt 0.588300 0.498807
vt 0.561390 0.436025
vt 0.673882 0.429063
vt 0.558858 0.393096
vt 0.671071 0.414276
vt 0.608037 0.516301
vt 0.665587 0.453693
vt 0.660613 0.457204
vt 0.621457 0.520600
vt 0.658039 0.525406
vt 0.648344 0.460599
vt 0.641593 0.460686
vt 0.676300 0.524468
vt 0.625865 0.454405
vt 0.710960 0.504447
vt 0.617172 0.437280
vt 0.745362 0.459920
vt 0.617636 0.419534
vt 0.736621 0.411236
vt 0.625243 0.408245
vt 0.713455 0.379318
vt 0.554179 0.366395
vt 0.587225 0.368354
vt 0.636394 0.403253
vt 0.679159 0.357438
vt 0.648423 0.400819
vt 0.648945 0.345467
vt 0.661452 0.404153
vt 0.593026 0.347962
vt 0.448464 0.395415
vt 0.472706 0.361765
vt 0.526644 0.365016
vt 0.540582 0.394207
vt 0.436694 0.440527
vt 0.548865 0.437911
vt 0.431656 0.486158
vt 0.552813 0.478903
vt 0.424945 0.531382
vt 0.558209 0.516583
vt 0.466047 0.336245
vt 0.527067 0.341962
vt 0.463729 0.315887
vt 0.526531 0.322132
vt 0.462228 0.295129
vt 0.525080 0.305575
vt 0.455254 0.254746
vt 0.536057 0.256696
vt 0.556234 0.346008
vt 0.582407 0.296551
vt 0.565993 0.307061
vt 0.557549 0.293979
vt 0.567370 0.286007
vt 0.591503 0.281040
vt 0.628776 0.299383
vt 0.611419 0.316404
vt 0.856283 0.437019
vt 0.917918 0.444903
vt 0.925166 0.515618
vt 0.873233 0.508543
vt 0.927501 0.621218
vt 0.878053 0.617622
vt 0.871494 0.701201
vt 0.912143 0.702225
vt 0.887710 0.773785
vt 0.851433 0.765018
vt 0.819240 0.824680
vt 0.852348 0.842650
vt 0.812379 0.906740
vt 0.179313 0.878960
vt 0.836000 0.795208
vt 0.870864 0.809120
vt 0.761376 0.267529
vt 0.754527 0.297049
vt 0.774312 0.203034
vt 0.766946 0.237883
vt 0.660248 0.332876
vt 0.693450 0.351755
vt 0.676243 0.312329
vt 0.713695 0.343827
vt 0.742036 0.325019
vt 0.741045 0.379660
vt 0.768706 0.424755
vt 0.732519 0.545090
vt 0.678986 0.561043
vt 0.770515 0.484426
vt 0.655079 0.566435
vt 0.810924 0.502502
vt 0.801681 0.436751
vt 0.807909 0.599230
vt 0.782161 0.805085
vt 0.218097 0.854043
vt 0.260538 0.823072
vt 0.738721 0.778082
vt 0.827045 0.696445
vt 0.813584 0.752472
vt 0.772544 0.732175
vt 0.789922 0.697002
vt 0.798110 0.778911
vt 0.755604 0.755027
vt 0.311554 0.781083
vt 0.667510 0.721487
vt 0.725523 0.684297
vt 0.763480 0.648037
vt 0.696446 0.702895
vt 0.689947 0.613890
vt 0.723590 0.592000
vt 0.629122 0.653538
vt 0.663997 0.632134
vt 0.818030 0.374567
vt 0.772556 0.378346
vt 0.910420 0.402494
vt 0.631176 0.571538
vt 0.609322 0.559747
vt 0.587873 0.548405
vt 0.414285 0.591492
vt 0.565206 0.572298
vt 0.592761 0.616245
vt 0.389886 0.666133
vt 0.547406 0.309135
vt 0.544177 0.296226
vt 0.556206 0.259926
vt 0.351807 0.731976
vt 0.655198 0.459229
vt 0.639832 0.526427
vt 0.534066 0.272754
vt 0.534355 0.264885
vt 0.547411 0.267458
vt 0.543495 0.274476
vt 0.527857 0.293893
vt 0.460855 0.287697
vt 0.460462 0.284060
vt 0.529545 0.287880
vt 0.542236 0.287061
vt 0.457420 0.266813
vt 0.456614 0.258862
vt 0.570945 0.275906
vt 0.567102 0.266836
vt 0.554686 0.272176
vt 0.545647 0.275469
vt 0.550963 0.284838
vt 0.558197 0.281521
vt 0.559513 0.276954
vt 0.554174 0.278385
vt 0.578197 0.326888
vt 0.551897 0.326794
vt 0.542451 0.276233
vt 0.457616 0.273974
vt 0.533218 0.277172
vt 0.800952 0.157636
vt 0.822882 0.155523
vt 0.785469 0.156173
vt 0.329110 0.096216
vt 0.298673 0.076670
vt 0.677390 0.084567
vt 0.657846 0.108233
vt 0.722396 0.138170
vt 0.688202 0.122706
vt 0.687122 0.092149
vt 0.709663 0.100744
vt 0.755987 0.152927
vt 0.729581 0.106323
vt 0.746625 0.107550
vt 0.678544 0.388262
vt 0.695497 0.407162
vt 0.618618 0.396789
vt 0.634154 0.385437
vt 0.641420 0.485662
vt 0.619276 0.473928
vt 0.655677 0.380961
vt 0.702004 0.434622
vt 0.670660 0.483941
vt 0.661886 0.486176
vt 0.605308 0.446303
vt 0.605872 0.416552
vt 0.694972 0.462432
vt 0.679653 0.479293
vt 0.651382 0.487726
vt 0.614061 0.390316
vt 0.654995 0.410929
vt 0.678931 0.492534
vt 0.642384 0.454178
vt 0.647300 0.408296
vt 0.647424 0.454351
vt 0.638123 0.409568
vt 0.634991 0.497091
vt 0.662449 0.447528
vt 0.631382 0.417396
vt 0.665796 0.434736
vt 0.690874 0.482894
vt 0.705920 0.458901
vt 0.664368 0.423410
vt 0.710002 0.428331
vt 0.766823 0.099245
vt 0.780341 0.088922
vt 0.366004 0.164662
vt 0.339562 0.137212
vt 0.389788 0.190068
vt 0.330587 0.184621
vt 0.289271 0.200717
vt 0.271656 0.172844
vt 0.309480 0.155585
vt 0.347374 0.207135
vt 0.301604 0.223096
vt 0.245089 0.219682
vt 0.232916 0.192572
vt 0.254239 0.243903
vt 0.155028 0.251403
vt 0.100363 0.266760
vt 0.123659 0.207451
vt 0.159814 0.208058
vt 0.150375 0.287497
vt 0.081444 0.314036
vt 0.312054 0.242871
vt 0.263925 0.266208
vt 0.145835 0.326217
vt 0.065892 0.354013
vt 0.409927 0.214670
vt 0.362915 0.226599
vt 0.320982 0.261509
vt 0.273383 0.283907
vt 0.424571 0.239894
vt 0.374577 0.262904
vt 0.327377 0.281244
vt 0.381965 0.247138
vt 0.393964 0.507465
vt 0.374183 0.496923
vt 0.292487 0.428359
vt 0.394823 0.471564
vt 0.294924 0.414624
vt 0.401711 0.434505
vt 0.302461 0.402007
vt 0.405017 0.391755
vt 0.354159 0.514169
vt 0.340629 0.518249
vt 0.298772 0.443897
vt 0.295094 0.439356
vt 0.303865 0.522359
vt 0.285582 0.520976
vt 0.314633 0.453483
vt 0.308412 0.451606
vt 0.251068 0.500506
vt 0.330911 0.453339
vt 0.217435 0.455375
vt 0.345125 0.440785
vt 0.227409 0.406854
vt 0.348023 0.424874
vt 0.251080 0.375241
vt 0.344959 0.411832
vt 0.377199 0.366552
vt 0.410249 0.365144
vt 0.285462 0.353689
vt 0.337771 0.402778
vt 0.315938 0.342326
vt 0.328085 0.397305
vt 0.371822 0.346042
vt 0.314614 0.395826
vt 0.423291 0.393148
vt 0.437813 0.364232
vt 0.414239 0.436573
vt 0.409849 0.477456
vt 0.403986 0.515083
vt 0.437848 0.341182
vt 0.438889 0.321348
vt 0.441136 0.304803
vt 0.432734 0.255248
vt 0.408607 0.344723
vt 0.383399 0.294812
vt 0.399008 0.284453
vt 0.408759 0.292574
vt 0.399666 0.305576
vt 0.354019 0.314094
vt 0.336976 0.296741
vt 0.374588 0.279161
vt 0.107035 0.430353
vt 0.088771 0.501632
vt 0.036695 0.507740
vt 0.045231 0.437073
vt 0.082057 0.610722
vt 0.032519 0.613409
vt 0.087189 0.694474
vt 0.106170 0.758687
vt 0.069713 0.766812
vt 0.046492 0.694765
vt 0.137356 0.818947
vt 0.103912 0.836343
vt 0.121093 0.789164
vt 0.085962 0.802467
vt 0.211306 0.292121
vt 0.205027 0.262433
vt 0.200052 0.232642
vt 0.193414 0.197604
vt 0.271334 0.347865
vt 0.304860 0.329551
vt 0.289250 0.308763
vt 0.251267 0.339651
vt 0.223282 0.320357
vt 0.194918 0.419743
vt 0.223447 0.375136
vt 0.282265 0.557608
vt 0.228917 0.540776
vt 0.191880 0.479411
vt 0.306124 0.563446
vt 0.151184 0.496750
vt 0.161671 0.431116
vt 0.152565 0.593597
vt 0.174808 0.799994
vt 0.218762 0.773738
vt 0.131759 0.690514
vt 0.168909 0.691728
vt 0.185700 0.727221
vt 0.144269 0.746805
vt 0.159299 0.773529
vt 0.202262 0.750379
vt 0.291044 0.718344
vt 0.196215 0.643209
vt 0.233600 0.680144
vt 0.262394 0.699250
vt 0.237092 0.587843
vt 0.270413 0.610318
vt 0.296095 0.629016
vt 0.330667 0.651015
vt 0.146462 0.368584
vt 0.191907 0.373239
vt 0.053514 0.394756
vt 0.329993 0.568974
vt 0.373783 0.546532
vt 0.352098 0.557554
vt 0.396084 0.570746
vt 0.367730 0.614297
vt 0.422348 0.295005
vt 0.418419 0.307927
vt 0.411623 0.258364
vt 0.322104 0.523745
vt 0.321201 0.499728
vt 0.433988 0.271483
vt 0.424212 0.273115
vt 0.420474 0.266036
vt 0.434093 0.263562
vt 0.439099 0.292908
vt 0.437777 0.286836
vt 0.424834 0.285823
vt 0.395699 0.274289
vt 0.400000 0.265245
vt 0.421944 0.274115
vt 0.412697 0.270726
vt 0.415959 0.283488
vt 0.408646 0.280071
vt 0.412942 0.276975
vt 0.407482 0.275475
vt 0.387039 0.325216
vt 0.413326 0.325572
vt 0.425227 0.274936
vt 0.434723 0.275978
vt 0.167730 0.151612
vt 0.145834 0.149045
vt 0.183252 0.150463
vt 0.312037 0.105177
vt 0.293013 0.081068
vt 0.246752 0.133730
vt 0.260327 0.096553
vt 0.283096 0.088438
vt 0.281323 0.118979
vt 0.212817 0.147812
vt 0.240258 0.101721
vt 0.223169 0.102600
vt 0.282687 0.387662
vt 0.304264 0.376006
vt 0.345181 0.387764
vt 0.355154 0.403393
vt 0.330258 0.473159
vt 0.306319 0.476268
vt 0.327396 0.376845
vt 0.267789 0.410542
vt 0.287699 0.469889
vt 0.280552 0.465050
vt 0.360262 0.425290
vt 0.352510 0.452771
vt 0.265320 0.438089
vt 0.273907 0.458017
vt 0.296569 0.474748
vt 0.350286 0.383254
vt 0.306073 0.413825
vt 0.279793 0.479327
vt 0.327294 0.444987
vt 0.332167 0.370945
vt 0.293197 0.485543
vt 0.306929 0.368656
vt 0.340878 0.477395
vt 0.314936 0.447669
vt 0.281356 0.379390
vt 0.363264 0.450363
vt 0.330335 0.442039
vt 0.333594 0.433865
vt 0.367968 0.420979
vt 0.334045 0.423466
vt 0.203133 0.093874
vt 0.189829 0.083259
vt 0.319392 0.447229
vt 0.308207 0.488747
vt 0.262612 0.402214
vt 0.331558 0.413440
vt 0.361393 0.398846
vt 0.302554 0.420670
vt 0.256502 0.431293
vt 0.301929 0.430827
vt 0.262464 0.457680
vt 0.270123 0.470146
vt 0.305636 0.442015
vt 0.325115 0.406859
vt 0.316879 0.406250
vt 0.323866 0.446788
vt 0.310182 0.409031
vt 0.652444 0.454524
vt 0.650762 0.499397
vt 0.699724 0.399564
vt 0.629316 0.428799
vt 0.599780 0.409886
vt 0.659938 0.416000
vt 0.630567 0.440408
vt 0.595319 0.440429
vt 0.634802 0.449325
vt 0.638417 0.452407
vt 0.607532 0.474289
vt 0.678542 0.380141
vt 0.653003 0.373509
vt 0.666137 0.498140
vt 0.630678 0.379198
vt 0.303375 0.447190
vt 0.304257 0.501691
vt 0.334801 0.496209
vt 0.367861 0.393804
vt 0.348880 0.370811
vt 0.320856 0.362496
vt 0.294740 0.367153
vt 0.271674 0.377372
vt 0.256394 0.398644
vt 0.247038 0.431358
vt 0.347542 0.488468
vt 0.363493 0.463248
vt 0.255335 0.470873
vt 0.288495 0.496632
vt 0.371109 0.428822
vt 0.658066 0.504646
vt 0.641185 0.502413
vt 0.627702 0.498612
vt 0.615521 0.373092
vt 0.595968 0.395782
vt 0.643607 0.365540
vt 0.669569 0.370925
vt 0.692791 0.381253
vt 0.708084 0.402479
vt 0.716450 0.435268
vt 0.599367 0.465246
vt 0.615207 0.490713
vt 0.706815 0.474642
vt 0.673964 0.500313
vt 0.591900 0.430749
vt 0.608086 0.120851
vt 0.641005 0.098887
vt 0.510666 0.274826
vt 0.511072 0.267731
vt 0.671838 0.080044
vt 0.512284 0.259840
vt 0.513861 0.255806
vt 0.507140 0.284698
vt 0.504621 0.295626
vt 0.506502 0.288305
vt 0.645928 0.783825
vt 0.606604 0.734087
vt 0.569743 0.667692
vt 0.546687 0.592774
vt 0.537028 0.532628
vt 0.776277 0.883911
vt 0.737974 0.858337
vt 0.696131 0.826656
vt 0.142788 0.901167
vt 0.518491 0.241542
vt 0.501933 0.316251
vt 0.498984 0.336515
vt 0.491836 0.361914
vt 0.530919 0.487376
vt 0.526386 0.441566
vt 0.515407 0.396059
vt 0.525363 0.219969
vt 0.543735 0.180316
vt 0.574562 0.146342
vn -0.002348 -0.999692 0.024692
vn -0.006856 -0.992087 -0.125364
vn 0.163150 -0.980515 -0.109423
vn 0.223220 -0.974676 0.013392
vn 0.001271 -0.870856 0.491536
vn 0.322242 -0.866029 0.382301
vn 0.354960 -0.934817 0.010954
vn 0.271477 -0.955844 -0.112528
vn 0.367935 -0.920596 -0.130872
vn 0.451248 -0.892354 -0.008914
vn 0.493811 -0.805841 0.326757
vn 0.590288 -0.752417 0.292282
vn 0.462789 -0.873668 -0.150103
vn 0.592188 -0.804064 -0.052859
vn 0.755373 -0.623758 0.200843
vn 0.824169 -0.566020 0.019160
vn 0.676508 -0.735299 -0.040899
vn 0.715724 -0.698377 0.002983
vn 0.854690 -0.508181 0.106097
vn 0.916241 -0.370548 0.152305
vn 0.914776 -0.325687 0.238982
vn 0.809926 -0.455765 0.369186
vn 0.632264 -0.565057 0.530050
vn 0.926504 -0.231603 0.296566
vn 0.937040 -0.241086 0.252652
vn 0.364765 -0.577335 0.730500
vn 0.004334 -0.557891 0.829903
vn 0.552535 -0.553744 0.622955
vn 0.793612 -0.344512 0.501488
vn 0.610623 -0.431768 0.663864
vn 0.371841 -0.405168 0.835208
vn 0.004594 -0.425998 0.904712
vn 0.561239 -0.290901 0.774846
vn 0.522039 -0.398914 0.753885
vn 0.566509 -0.279582 0.775178
vn 0.432103 -0.196426 0.880173
vn 0.502389 -0.106266 0.858087
vn 0.948589 -0.243295 -0.202453
vn 0.487225 -0.188729 0.852639
vn 0.515457 -0.023099 0.856604
vn 0.992029 0.042464 -0.118637
vn 0.545910 0.210095 0.811075
vn 0.883762 0.440731 -0.157226
vn 0.452614 -0.281176 0.846216
vn 0.821611 -0.522638 -0.227608
vn 0.540959 -0.809355 -0.228709
vn 0.404201 -0.308770 0.860977
vn 0.368535 -0.255711 0.893753
vn 0.101528 -0.982527 -0.155987
vn -0.245671 -0.968961 0.027562
vn 0.510029 -0.101276 0.854174
vn -0.477473 -0.816653 0.324187
vn 0.668089 -0.018008 0.743863
vn -0.551038 -0.201259 0.809847
vn 0.780364 0.001709 0.625324
vn -0.592255 0.203331 0.779673
vn 0.788807 -0.125092 0.601777
vn -0.542510 0.747899 0.382530
vn 0.734486 -0.084940 0.673288
vn 0.586124 0.292674 0.755513
vn 0.546772 0.287687 0.786305
vn -0.308740 0.918941 0.245413
vn 0.539535 0.050951 0.840420
vn 0.041955 0.984836 0.168340
vn 0.428152 0.073931 0.900678
vn 0.474265 0.875311 -0.094357
vn 0.463794 0.165424 0.870362
vn 0.000002 0.488844 0.872371
vn 0.000000 0.289346 0.957224
vn 0.640424 0.320416 0.697990
vn 0.532618 0.319517 0.783726
vn 0.000002 0.023070 0.999734
vn 0.471531 0.008019 0.881813
vn -0.000001 -0.133059 0.991108
vn 0.443543 -0.118590 0.888373
vn -0.000004 -0.153579 0.988136
vn 0.373262 -0.160235 0.913784
vn -0.001059 -0.150389 0.988626
vn 0.663820 -0.034965 0.747075
vn -0.001154 -0.122144 0.992512
vn 0.588487 -0.065388 0.805858
vn 0.001982 -0.267226 0.963632
vn 0.542957 -0.153913 0.825535
vn 0.002298 -0.445520 0.895269
vn 0.346402 -0.399022 0.848992
vn 0.604930 0.118116 0.787470
vn 0.495863 -0.070000 0.865575
vn 0.515822 -0.056986 0.854799
vn 0.529165 -0.069101 0.845700
vn 0.522302 -0.070793 0.849817
vn 0.513919 -0.116900 0.849836
vn 0.505187 -0.121453 0.854421
vn 0.467170 -0.020769 0.883924
vn 0.939076 -0.072466 0.335984
vn 0.933906 -0.063495 0.351835
vn 0.924724 0.103538 0.366285
vn 0.916059 0.103048 0.387577
vn 0.894548 0.301770 0.329726
vn 0.868894 0.292603 0.399258
vn 0.776329 0.553671 0.301268
vn 0.787726 0.591206 0.173100
vn 0.588353 0.808493 -0.013451
vn 0.583686 0.798882 0.145253
vn 0.209139 0.965773 0.153442
vn 0.229534 0.969412 0.086913
vn -0.000000 0.992346 0.123490
vn -0.000000 0.984688 0.174328
vn 0.376260 0.920898 0.101860
vn 0.388971 0.920794 -0.029000
vn 0.890268 -0.445728 0.093538
vn 0.933077 -0.279098 0.226875
vn 0.572996 -0.811081 -0.117570
vn 0.740501 -0.666975 -0.082475
vn 0.542959 -0.117327 0.831523
vn 0.703793 -0.043874 0.709049
vn 0.702257 -0.220841 0.676805
vn 0.866951 -0.142595 0.477558
vn 0.927556 -0.203187 0.313617
vn 0.877906 -0.146542 0.455858
vn 0.919883 -0.092309 0.381175
vn 0.810716 0.172694 0.559389
vn 0.541519 0.039237 0.839772
vn 0.875406 0.112136 0.470203
vn 0.412974 0.049539 0.909394
vn 0.902904 0.129870 0.409754
vn 0.945492 -0.063321 0.319429
vn 0.849551 0.268155 0.454264
vn 0.195298 0.936162 0.292335
vn 0.000000 0.956457 0.291872
vn -0.000000 0.888977 0.457952
vn 0.290938 0.833817 0.469152
vn 0.753420 0.472292 0.457492
vn 0.566870 0.738261 0.365553
vn 0.574821 0.604098 0.551948
vn 0.711362 0.444019 0.544803
vn 0.375898 0.868612 0.322821
vn 0.462608 0.708356 0.533129
vn -0.000000 0.770463 0.637485
vn 0.373324 0.605610 0.702756
vn 0.590486 0.505886 0.628813
vn 0.742848 0.410894 0.528529
vn 0.504267 0.533114 0.679341
vn 0.585030 0.364298 0.724587
vn 0.754374 0.325678 0.569959
vn 0.420836 0.371634 0.827517
vn 0.469446 0.345655 0.812492
vn 0.939004 -0.184198 0.290418
vn 0.938757 -0.167587 0.301082
vn 0.930619 -0.159375 0.329465
vn 0.452005 0.066794 0.889511
vn 0.424309 -0.104468 0.899471
vn 0.353491 -0.222489 0.908594
vn -0.000000 -0.026940 0.999637
vn 0.283437 -0.108009 0.952889
vn 0.357236 0.154709 0.921112
vn 0.000000 0.360263 0.932851
vn 0.602211 -0.084626 0.793839
vn 0.578251 -0.162881 0.799435
vn 0.422622 -0.353449 0.834544
vn 0.000001 0.507950 0.861387
vn 0.301938 -0.932468 -0.198334
vn 0.378461 -0.302132 0.874919
vn 0.380412 0.023896 0.924508
vn 0.376584 -0.188006 0.907104
vn 0.410009 -0.238066 0.880464
vn 0.394787 0.005303 0.918757
vn 0.549850 -0.286552 0.784572
vn 0.004195 -0.400565 0.916259
vn -0.000928 -0.401019 0.916069
vn 0.467182 -0.295376 0.833363
vn 0.494625 -0.162548 0.853770
vn -0.002501 0.020962 0.999777
vn 0.002547 -0.190584 0.981668
vn 0.520377 -0.093443 0.848809
vn 0.494038 -0.233367 0.837536
vn 0.470853 -0.185351 0.862521
vn 0.423575 -0.148704 0.893573
vn 0.505125 -0.087074 0.858643
vn 0.532025 -0.062230 0.844439
vn 0.528003 -0.105604 0.842651
vn 0.427533 -0.129595 0.894662
vn 0.494504 0.020934 0.868923
vn 0.597749 -0.004825 0.801669
vn 0.446100 -0.276979 0.851045
vn 0.008753 -0.485419 0.874238
vn 0.435923 -0.376926 0.817250
vn 0.445843 -0.886575 -0.123326
vn 0.474082 -0.873811 -0.108166
vn 0.434144 -0.891776 -0.127497
vn -0.006774 -0.994819 -0.101437
vn -0.000032 -0.982313 -0.187244
vn 0.082530 -0.979365 -0.184479
vn 0.132986 -0.983688 -0.121131
vn 0.342725 -0.930304 -0.130666
vn 0.237847 -0.963278 -0.124593
vn 0.135403 -0.976818 -0.165809
vn 0.230573 -0.962126 -0.145431
vn 0.413433 -0.902587 -0.120040
vn 0.318951 -0.936960 -0.142745
vn 0.334210 -0.931003 -0.146756
vn 0.445592 0.838269 -0.314251
vn 0.835445 0.430070 -0.342157
vn -0.796205 0.602928 0.050353
vn -0.517844 0.850067 -0.096034
vn -0.387162 -0.921852 0.017164
vn -0.728242 -0.678005 0.099859
vn -0.086721 0.971174 -0.222036
vn 0.948646 0.056365 -0.311276
vn 0.523816 -0.834006 -0.173350
vn 0.265253 -0.957917 -0.109708
vn -0.962955 -0.158147 0.218419
vn -0.944016 0.271934 0.186775
vn 0.925876 -0.251366 -0.282080
vn 0.797823 -0.540734 -0.266616
vn 0.063461 -0.997602 -0.027614
vn 0.132274 0.015595 0.991091
vn 0.139833 0.024095 0.989882
vn 0.160764 -0.008799 0.986954
vn 0.158492 -0.011806 0.987290
vn 0.152110 0.031850 0.987850
vn 0.157316 -0.012568 0.987468
vn 0.171717 0.033985 0.984560
vn 0.141872 -0.030245 0.989423
vn 0.106687 -0.028730 0.993877
vn 0.186859 0.015278 0.982268
vn 0.106270 -0.004809 0.994326
vn 0.168357 -0.008596 0.985689
vn 0.177679 -0.005453 0.984073
vn 0.117470 0.010793 0.993018
vn 0.183765 0.000765 0.982970
vn 0.305362 -0.931988 -0.195329
vn 0.294222 -0.935529 -0.195494
vn -0.222396 -0.974914 0.009079
vn -0.163405 -0.980543 -0.108782
vn -0.318329 -0.867757 0.381661
vn -0.351355 -0.936197 0.009237
vn -0.450491 -0.892741 -0.008418
vn -0.367727 -0.920750 -0.130369
vn -0.268031 -0.957038 -0.110623
vn -0.491215 -0.807126 0.327499
vn -0.589452 -0.753240 0.291848
vn -0.592140 -0.804100 -0.052851
vn -0.462756 -0.873686 -0.150098
vn -0.755328 -0.623807 0.200859
vn -0.824167 -0.566024 0.019121
vn -0.854701 -0.508173 0.106049
vn -0.715720 -0.698381 0.002947
vn -0.676496 -0.735308 -0.040928
vn -0.916254 -0.370529 0.152273
vn -0.914792 -0.325665 0.238953
vn -0.632017 -0.565031 0.530372
vn -0.809887 -0.455805 0.369221
vn -0.937055 -0.241050 0.252633
vn -0.926514 -0.231575 0.296555
vn -0.355076 -0.578415 0.734410
vn -0.547313 -0.555523 0.625974
vn -0.610261 -0.431731 0.664221
vn -0.793575 -0.344538 0.501531
vn -0.357320 -0.404728 0.841735
vn -0.558225 -0.292977 0.776241
vn -0.566396 -0.280255 0.775018
vn -0.512334 -0.398935 0.760503
vn -0.432105 -0.196425 0.880172
vn -0.487228 -0.188729 0.852637
vn -0.948589 -0.243295 -0.202452
vn -0.502391 -0.106266 0.858086
vn -0.992029 0.042464 -0.118636
vn -0.515457 -0.023098 0.856604
vn -0.883780 0.440690 -0.157244
vn -0.545917 0.210088 0.811072
vn -0.452614 -0.281177 0.846215
vn -0.404201 -0.308770 0.860978
vn -0.540962 -0.809354 -0.228707
vn -0.821611 -0.522638 -0.227608
vn -0.368537 -0.255712 0.893752
vn -0.510030 -0.101276 0.854173
vn 0.245671 -0.968961 0.027558
vn -0.101535 -0.982527 -0.155985
vn -0.668088 -0.018007 0.743865
vn 0.477470 -0.816659 0.324177
vn -0.780360 0.001711 0.625328
vn 0.551059 -0.201285 0.809826
vn -0.788802 -0.125071 0.601788
vn 0.592283 0.203338 0.779650
vn -0.734470 -0.084910 0.673309
vn 0.542510 0.747910 0.382510
vn -0.546795 0.287664 0.786298
vn -0.586138 0.292665 0.755506
vn -0.539514 0.050947 0.840434
vn 0.308744 0.918942 0.245403
vn -0.428138 0.073909 0.900686
vn -0.041939 0.984839 0.168324
vn -0.463800 0.165401 0.870363
vn -0.474295 0.875292 -0.094383
vn -0.532617 0.319516 0.783727
vn -0.640423 0.320416 0.697991
vn -0.471530 0.008019 0.881814
vn -0.443544 -0.118590 0.888372
vn -0.373264 -0.160235 0.913783
vn -0.663520 -0.036439 0.747271
vn -0.587414 -0.074785 0.805824
vn -0.537489 -0.174008 0.825122
vn -0.332309 -0.401395 0.853494
vn -0.604860 0.117775 0.787575
vn -0.494455 -0.071342 0.866271
vn -0.513663 -0.078750 0.854370
vn -0.519537 -0.081633 0.850539
vn -0.513238 -0.060393 0.856119
vn -0.467160 -0.020785 0.883929
vn -0.505180 -0.121479 0.854422
vn -0.512193 -0.117820 0.850751
vn -0.939081 -0.072466 0.335969
vn -0.916062 0.103049 0.387571
vn -0.924728 0.103536 0.366276
vn -0.933912 -0.063499 0.351818
vn -0.868894 0.292604 0.399256
vn -0.894549 0.301769 0.329722
vn -0.776328 0.553672 0.301268
vn -0.583687 0.798881 0.145252
vn -0.588352 0.808493 -0.013452
vn -0.787726 0.591206 0.173098
vn -0.209139 0.965773 0.153440
vn -0.229536 0.969412 0.086913
vn -0.376261 0.920898 0.101857
vn -0.388971 0.920793 -0.029000
vn -0.933081 -0.279085 0.226874
vn -0.890258 -0.445749 0.093531
vn -0.740470 -0.667008 -0.082487
vn -0.572969 -0.811099 -0.117583
vn -0.703762 -0.043868 0.709080
vn -0.542926 -0.117343 0.831542
vn -0.702214 -0.220857 0.676844
vn -0.866938 -0.142576 0.477588
vn -0.927559 -0.203157 0.313626
vn -0.919882 -0.092293 0.381181
vn -0.877903 -0.146510 0.455874
vn -0.541519 0.039237 0.839772
vn -0.810715 0.172695 0.559390
vn -0.875403 0.112139 0.470207
vn -0.412974 0.049539 0.909394
vn -0.902904 0.129874 0.409754
vn -0.945495 -0.063314 0.319422
vn -0.849551 0.268156 0.454264
vn -0.195297 0.936162 0.292335
vn -0.290939 0.833817 0.469152
vn -0.753419 0.472293 0.457492
vn -0.711364 0.444017 0.544802
vn -0.574820 0.604098 0.551948
vn -0.566873 0.738260 0.365551
vn -0.375898 0.868613 0.322819
vn -0.462605 0.708356 0.533132
vn -0.373324 0.605610 0.702756
vn -0.742849 0.410893 0.528529
vn -0.590484 0.505886 0.628814
vn -0.504265 0.533115 0.679341
vn -0.754375 0.325677 0.569958
vn -0.585029 0.364298 0.724588
vn -0.469445 0.345655 0.812492
vn -0.420835 0.371635 0.827518
vn -0.939013 -0.184176 0.290403
vn -0.938763 -0.167553 0.301081
vn -0.930626 -0.159369 0.329448
vn -0.452004 0.066794 0.889512
vn -0.353489 -0.222489 0.908595
vn -0.424307 -0.104467 0.899472
vn -0.283437 -0.108008 0.952889
vn -0.357235 0.154709 0.921112
vn -0.566972 -0.185910 0.802483
vn -0.596710 -0.097229 0.796545
vn -0.405317 -0.356335 0.841869
vn -0.378462 -0.302132 0.874919
vn -0.301948 -0.932465 -0.198336
vn -0.370131 0.010334 0.928922
vn -0.378800 -0.006965 0.925452
vn -0.391094 -0.247571 0.886428
vn -0.363894 -0.199290 0.909871
vn -0.538376 -0.312401 0.782660
vn -0.455692 -0.316251 0.832064
vn -0.479473 -0.183328 0.858194
vn -0.510022 -0.099268 0.854414
vn -0.479077 -0.238573 0.844729
vn -0.406791 -0.163519 0.898767
vn -0.450826 -0.196810 0.870645
vn -0.489117 -0.103753 0.866025
vn -0.515803 -0.076280 0.853305
vn -0.410110 -0.142380 0.900854
vn -0.509807 -0.117046 0.852289
vn -0.494307 0.020629 0.869042
vn -0.596240 -0.008409 0.802762
vn -0.429295 -0.296183 0.853218
vn -0.422904 -0.397908 0.814138
vn -0.445840 -0.886575 -0.123334
vn -0.474078 -0.873812 -0.108178
vn -0.434138 -0.891778 -0.127496
vn -0.133828 -0.984343 -0.114709
vn -0.082543 -0.979369 -0.184453
vn -0.342675 -0.930340 -0.130542
vn -0.230587 -0.962124 -0.145419
vn -0.135397 -0.976823 -0.165783
vn -0.236443 -0.963987 -0.121756
vn -0.413419 -0.902594 -0.120037
vn -0.318964 -0.936958 -0.142727
vn -0.334218 -0.931001 -0.146747
vn -0.835460 0.430037 -0.342163
vn -0.445628 0.838238 -0.314282
vn 0.517830 0.850075 -0.096048
vn 0.796201 0.602936 0.050327
vn 0.728240 -0.678010 0.099850
vn 0.387162 -0.921852 0.017163
vn 0.086714 0.971172 -0.222050
vn -0.948647 0.056365 -0.311276
vn -0.265263 -0.957914 -0.109707
vn -0.523820 -0.834004 -0.173349
vn 0.944030 0.271915 0.186736
vn 0.962958 -0.158165 0.218392
vn -0.925875 -0.251367 -0.282081
vn -0.797824 -0.540734 -0.266617
vn -0.063467 -0.997602 -0.027612
vn -0.139831 0.024098 0.989882
vn -0.132271 0.015597 0.991091
vn -0.158490 -0.011805 0.987290
vn -0.160762 -0.008798 0.986954
vn -0.152107 0.031852 0.987851
vn -0.157314 -0.012566 0.987469
vn -0.171716 0.033986 0.984560
vn -0.106687 -0.028729 0.993877
vn -0.141871 -0.030243 0.989423
vn -0.186856 0.015275 0.982269
vn -0.106270 -0.004809 0.994326
vn -0.168355 -0.008595 0.985689
vn -0.177677 -0.005452 0.984074
vn -0.117468 0.010794 0.993018
vn -0.183762 0.000766 0.982971
vn -0.305362 -0.931986 -0.195334
vn -0.294217 -0.935528 -0.195509
s 1
g HeadFBXASC046001
usemtl blinn2SG
f 10/524/1 11/496/2 133/3/3 136/4/4
f 9/523/5 10/524/1 136/4/4 138/6/6
f 16/7/7 17/8/8 20/9/9 19/10/10
f 15/11/11 16/7/7 19/10/10 18/12/12
f 19/10/10 20/9/9 87/13/13 88/14/14
f 18/12/12 19/10/10 88/14/14 85/15/15
f 113/16/16 112/17/17 26/18/18 25/19/19
f 114/20/20 113/16/16 25/19/19 24/21/21
f 18/12/12 85/15/15 86/22/22 28/23/23
f 114/20/20 24/21/21 30/24/24 115/25/25
f 9/523/5 138/6/6 126/26/26 8/522/27
f 15/11/11 18/12/12 28/23/23 27/28/28
f 86/22/22 90/29/29 68/30/30 28/23/23
f 8/522/27 126/26/26 140/31/31 2/515/32
f 164/33/33 32/34/34 68/30/30 167/35/35
f 61/36/36 60/37/37 37/491/38 38/39/39
f 60/37/37 62/40/40 36/495/41 37/491/38
f 62/40/40 63/42/42 31/485/43 36/495/41
f 48/44/44 47/492/45 142/483/46 141/47/47
f 215/48/48 214/481/49 41/494/50 42/51/51
f 42/51/51 41/494/50 43/493/52 44/53/53
f 44/53/53 43/493/52 45/490/54 46/55/55
f 38/39/39 37/491/38 47/492/45 48/44/44
f 46/55/55 45/490/54 49/489/56 50/57/57
f 50/57/57 49/489/56 51/488/58 52/59/59
f 63/42/42 64/60/60 57/61/61 31/485/43
f 52/59/59 51/488/58 53/487/62 59/63/63
f 53/487/62 54/486/64 56/65/65 59/63/63
f 54/486/64 55/484/66 58/67/67 56/65/65
f 58/67/67 55/484/66 31/485/43 57/61/61
f 6/521/68 1/518/69 139/70/70 132/71/71
f 7/520/72 6/521/68 132/71/71 137/73/73
f 13/519/74 7/520/72 137/73/73 127/75/75
f 14/510/76 13/519/74 127/75/75 131/77/77
f 1/518/69 4/517/78 128/79/79 139/70/70
f 4/517/78 5/516/80 130/81/81 128/79/79
f 5/516/80 146/504/82 147/83/83 130/81/81
f 150/502/84 2/515/32 140/31/31 152/85/85
f 64/60/60 67/86/86 58/67/67 57/61/61
f 149/87/87 66/88/88 161/89/89 159/90/90
f 149/87/87 163/91/91 166/92/92 165/93/93
f 123/94/94 69/95/95 72/96/96 117/97/97
f 117/97/97 72/96/96 74/98/98 118/99/99
f 121/100/100 79/101/101 76/102/102 119/103/103
f 122/104/104 81/105/105 78/106/106 120/511/107
f 118/99/99 74/98/98 79/101/101 121/100/100
f 222/108/108 217/109/109 81/105/105 122/104/104
f 163/91/91 164/33/33 167/35/35 166/92/92
f 86/22/22 85/15/15 21/110/110 29/111/111
f 28/23/23 68/30/30 32/34/34 27/28/28
f 88/14/14 87/13/13 23/112/112 22/113/113
f 85/15/15 88/14/14 22/113/113 21/110/110
f 59/63/63 56/65/65 70/114/114 91/115/115
f 89/116/116 92/117/117 91/115/115 70/114/114
f 92/117/117 89/116/116 90/29/29 111/118/118
f 52/59/59 94/119/119 93/120/120 50/57/57
f 52/59/59 59/63/63 91/115/115 94/119/119
f 42/51/51 44/53/53 98/121/121 97/122/122
f 46/55/55 50/57/57 93/120/120 99/123/123
f 44/53/53 46/55/55 99/123/123 98/121/121
f 215/48/48 42/51/51 97/122/122 218/124/124
f 71/125/125 99/123/123 93/120/120 34/126/126
f 73/127/127 98/121/121 99/123/123 71/125/125
f 82/128/128 77/512/129 84/513/130 104/131/131
f 80/132/132 75/133/133 101/134/134 103/135/135
f 216/136/136 82/128/128 104/131/131 219/137/137
f 104/131/131 84/513/130 83/506/138 107/139/139
f 103/135/135 101/134/134 105/140/140 106/141/141
f 219/137/137 104/131/131 107/139/139 220/142/142
f 106/141/141 105/140/140 108/143/143 109/144/144
f 220/142/142 107/139/139 110/145/145 221/146/146
f 29/111/111 111/118/118 90/29/29 86/22/22
f 21/110/110 114/20/20 115/25/25 29/111/111
f 21/110/110 22/113/113 113/16/16 114/20/20
f 22/113/113 23/112/112 112/17/17 113/16/16
f 115/25/25 102/147/147 111/118/118 29/111/111
f 93/120/120 94/119/119 116/148/148 34/126/126
f 92/117/117 116/148/148 94/119/119 91/115/115
f 92/117/117 111/118/118 102/147/147 116/148/148
f 216/136/136 222/108/108 122/104/104 82/128/128
f 73/127/127 118/99/99 121/100/100 80/132/132
f 82/128/128 122/104/104 120/511/107 77/512/129
f 80/132/132 121/100/100 119/103/103 75/133/133
f 71/125/125 117/97/97 118/99/99 73/127/127
f 34/126/126 123/94/94 117/97/97 71/125/125
f 34/126/126 116/148/148 102/147/147 123/94/94
f 35/149/149 102/147/147 115/25/25 30/24/24
f 35/149/149 69/95/95 123/94/94 102/147/147
f 80/132/132 103/135/135 106/141/141 73/127/127
f 73/127/127 106/141/141 109/144/144 98/121/121
f 98/121/121 109/144/144 108/143/143 97/122/122
f 218/124/124 221/146/146 110/145/145 96/150/150
f 48/44/44 141/47/47 143/151/151 100/152/152
f 48/44/44 100/152/152 61/36/36 38/39/39
f 95/509/153 14/510/76 131/77/77 129/154/154
f 100/152/152 143/151/151 134/155/155 129/154/154
f 132/71/71 139/70/70 64/60/60 63/42/42
f 137/73/73 132/71/71 63/42/42 62/40/40
f 139/70/70 128/79/79 67/86/86 64/60/60
f 127/75/75 137/73/73 62/40/40 60/37/37
f 129/154/154 131/77/77 61/36/36 100/152/152
f 134/155/155 124/508/156 95/509/153 129/154/154
f 131/77/77 127/75/75 60/37/37 61/36/36
f 140/31/31 126/26/26 27/28/28 32/34/34
f 161/89/89 66/88/88 148/157/157 155/158/158
f 136/4/4 133/3/3 17/8/8 16/7/7
f 152/85/85 140/31/31 32/34/34 151/159/159
f 138/6/6 136/4/4 16/7/7 15/11/11
f 126/26/26 138/6/6 15/11/11 27/28/28
f 134/155/155 110/145/145 125/507/160 124/508/156
f 110/145/145 107/139/139 83/506/138 125/507/160
f 134/155/155 143/151/151 96/150/150 110/145/145
f 141/47/47 142/483/46 39/482/161 40/162/162
f 143/151/151 141/47/47 40/162/162 96/150/150
f 135/163/163 169/164/164 175/165/165 65/166/166
f 154/167/167 153/505/168 178/503/169 172/170/170
f 155/158/158 154/167/167 172/170/170 176/171/171
f 145/499/172 173/501/173 169/164/164 135/163/163
f 157/174/174 160/175/175 164/33/33 163/91/91
f 147/83/83 146/504/82 153/505/168 154/167/167
f 65/166/166 175/165/165 171/176/176 158/177/177
f 155/158/158 176/171/171 177/178/178 161/89/89
f 164/33/33 160/175/175 151/159/159 32/34/34
f 159/90/90 161/89/89 177/178/178 174/179/179
f 158/177/177 171/176/176 170/180/180 162/181/181
f 162/181/181 170/180/180 174/179/179
f 159/90/90 157/174/174 163/91/91 149/87/87
f 148/157/157 147/83/83 154/167/167 155/158/158
f 149/87/87 165/93/93 33/182/182 66/88/88
f 90/29/29 89/116/116 167/35/35 68/30/30
f 167/35/35 89/116/116 70/114/114 166/92/92
f 148/157/157 66/88/88 33/182/182 168/183/183
f 147/83/83 148/157/157 168/183/183 130/81/81
f 67/86/86 128/79/79 130/81/81 168/183/183
f 58/67/67 67/86/86 168/183/183 33/182/182
f 58/67/67 33/182/182 165/93/93 56/65/65
f 165/93/93 166/92/92 70/114/114 56/65/65
f 170/180/180 171/176/176 160/175/175 157/174/174
f 171/176/176 175/165/165 151/159/159 160/175/175
f 177/178/178 176/171/171 156/184/184 158/177/177
f 174/179/179 177/178/178 158/177/177 162/181/181
f 175/165/165 169/164/164 152/85/85 151/159/159
f 172/170/170 178/503/169 3/498/185 144/186/186
f 174/179/179 170/180/180 157/174/174 159/90/90
f 176/171/171 172/170/170 144/186/186 156/184/184
f 169/164/164 173/501/173 150/502/84 152/85/85
f 228/187/187 227/188/188 26/18/18 112/17/17
f 228/187/187 112/17/17 23/112/112 226/189/189
f 225/497/190 12/500/191 179/192/192 232/193/193
f 229/194/194 231/195/195 182/196/196 183/197/197
f 230/198/198 229/194/194 183/197/197 184/199/199
f 232/193/193 179/192/192 182/196/196 231/195/195
f 230/198/198 184/199/199 185/200/200 226/189/189
f 31/43/43 55/66/66 198/201/201 186/202/202
f 53/62/62 51/58/58 195/203/203 196/204/204
f 43/52/52 41/50/50 190/205/205 191/206/206
f 54/64/64 53/62/62 196/204/204 197/207/207
f 36/41/41 31/43/43 186/202/202 187/208/208
f 55/66/66 54/64/64 197/207/207 198/201/201
f 39/161/161 142/46/46 199/209/209 189/210/210
f 49/56/56 45/54/54 192/211/211 194/212/212
f 45/54/54 43/52/52 191/206/206 192/211/211
f 37/38/38 36/41/41 187/208/208 188/213/213
f 142/46/46 47/45/45 193/214/214 199/209/209
f 214/49/49 39/161/161 189/210/210 223/215/215
f 51/58/58 49/56/56 194/212/212 195/203/203
f 47/45/45 37/38/38 188/213/213 193/214/214
f 196/204/204 195/203/203 209/216/216 210/465/217
f 189/210/210 199/209/209 213/218/218 203/464/219
f 197/207/207 196/204/204 210/465/217 211/463/220
f 223/215/215 189/210/210 203/464/219 224/452/221
f 198/201/201 197/207/207 211/463/220 212/462/222
f 191/206/206 190/205/205 204/223/223 205/461/224
f 186/202/202 198/201/201 212/462/222 200/453/225
f 192/211/211 191/206/206 205/461/224 206/458/226
f 199/209/209 193/214/214 207/227/227 213/218/218
f 193/214/214 188/213/213 202/228/228 207/227/227
f 194/212/212 192/211/211 206/458/226 208/455/229
f 188/213/213 187/208/208 201/230/230 202/228/228
f 195/203/203 194/212/212 208/455/229 209/216/216
f 187/208/208 186/202/202 200/453/225 201/230/230
f 201/454/230 200/225/225 212/222/222 211/220/220 210/217/217 209/456/216 208/229/229 206/226/226 205/224/224 204/451/223 224/221/221 203/219/219 213/460/218 207/459/227 202/457/228
f 190/205/205 223/215/215 224/452/221 204/223/223
f 41/50/50 214/49/49 223/215/215 190/205/205
f 97/122/122 108/143/143 221/146/146 218/124/124
f 75/133/133 119/103/103 222/108/108 216/136/136
f 105/140/140 220/142/142 221/146/146 108/143/143
f 101/134/134 219/137/137 220/142/142 105/140/140
f 75/133/133 216/136/136 219/137/137 101/134/134
f 40/162/162 215/48/48 218/124/124 96/150/150
f 119/103/103 76/102/102 217/109/109 222/108/108
f 40/162/162 39/482/161 214/481/49 215/48/48
f 87/13/13 230/198/198 226/189/189 23/112/112
f 133/3/3 232/193/193 231/195/195 17/8/8
f 87/13/13 20/9/9 229/194/194 230/198/198
f 20/9/9 17/8/8 231/195/195 229/194/194
f 11/496/2 225/497/190 232/193/193 133/3/3
f 181/231/231 228/187/187 226/189/189 185/200/200
f 181/231/231 180/232/232 227/188/188 228/187/187
f 10/1/1 346/233/233 343/234/234 11/2/2
f 9/5/5 348/235/235 346/233/233 10/1/1
f 234/236/236 237/237/237 238/238/238 235/239/239
f 233/240/240 236/241/241 237/237/237 234/236/236
f 237/237/237 302/242/242 301/243/243 238/238/238
f 236/241/241 299/244/244 302/242/242 237/237/237
f 326/245/245 243/246/246 244/247/247 325/248/248
f 327/249/249 242/250/250 243/246/246 326/245/245
f 236/241/241 246/251/251 300/252/252 299/244/244
f 327/249/249 328/253/253 248/254/254 242/250/250
f 9/5/5 8/27/27 336/255/255 348/235/235
f 233/240/240 245/256/256 246/251/251 236/241/241
f 300/252/252 246/251/251 286/257/257 304/258/258
f 8/27/27 2/32/32 350/259/259 336/255/255
f 370/260/260 373/261/261 286/257/257 250/262/262
f 279/263/263 256/264/264 255/477/265 278/266/266
f 278/266/266 255/477/265 254/480/267 280/268/268
f 280/268/268 254/480/267 249/469/269 281/270/270
f 266/271/271 351/272/272 352/468/273 265/476/274
f 419/275/275 260/276/276 259/479/277 418/467/278
f 260/276/276 262/279/279 261/478/280 259/479/277
f 262/279/279 264/281/281 263/475/282 261/478/280
f 256/264/264 266/271/271 265/476/274 255/477/265
f 264/281/281 268/283/283 267/474/284 263/475/282
f 268/283/283 270/285/285 269/473/286 267/474/284
f 281/270/270 249/469/269 275/287/287 282/288/288
f 270/285/285 277/289/289 271/472/290 269/473/286
f 271/472/290 277/289/289 274/291/291 272/471/292
f 272/471/292 274/291/291 276/293/293 273/470/294
f 276/293/293 275/287/287 249/469/269 273/470/294
f 6/68/68 342/295/295 349/296/296 1/69/69
f 7/72/72 347/297/297 342/295/295 6/68/68
f 13/74/74 337/298/298 347/297/297 7/72/72
f 14/76/76 341/299/299 337/298/298 13/74/74
f 1/69/69 349/296/296 338/300/300 4/78/78
f 4/78/78 338/300/300 340/301/301 5/80/80
f 5/80/80 340/301/301 355/302/302 146/82/82
f 150/84/84 359/303/303 350/259/259 2/32/32
f 282/288/288 275/287/287 276/293/293 285/304/304
f 357/305/305 365/306/306 367/307/307 284/308/308
f 357/305/305 371/309/309 372/310/310 369/311/311
f 335/312/312 330/313/313 290/314/314 287/315/315
f 330/313/313 331/316/316 292/317/317 290/314/314
f 333/318/318 332/319/319 294/320/320 295/321/321
f 334/322/322 120/107/107 78/514/106 297/323/323
f 331/316/316 333/318/318 295/321/321 292/317/317
f 426/324/324 334/322/322 297/323/323 421/325/325
f 369/311/311 372/310/310 373/261/261 370/260/260
f 300/252/252 247/326/326 239/327/327 299/244/244
f 246/251/251 245/256/256 250/262/262 286/257/257
f 302/242/242 240/328/328 241/329/329 301/243/243
f 299/244/244 239/327/327 240/328/328 302/242/242
f 277/289/289 305/330/330 288/331/331 274/291/291
f 303/332/332 288/331/331 305/330/330 306/333/333
f 306/333/333 324/334/334 304/258/258 303/332/332
f 270/285/285 268/283/283 307/335/335 308/336/336
f 270/285/285 308/336/336 305/330/330 277/289/289
f 260/276/276 310/337/337 311/338/338 262/279/279
f 264/281/281 312/339/339 307/335/335 268/283/283
f 262/279/279 311/338/338 312/339/339 264/281/281
f 419/275/275 422/340/340 310/337/337 260/276/276
f 289/341/341 252/342/342 307/335/335 312/339/339
f 291/343/343 289/341/341 312/339/339 311/338/338
f 298/344/344 317/345/345 84/130/130 77/129/129
f 296/346/346 316/347/347 314/348/348 293/349/349
f 420/350/350 423/351/351 317/345/345 298/344/344
f 317/345/345 320/352/352 83/138/138 84/130/130
f 316/347/347 319/353/353 318/354/354 314/348/348
f 423/351/351 424/355/355 320/352/352 317/345/345
f 319/353/353 322/356/356 321/357/357 318/354/354
f 424/355/355 425/358/358 323/359/359 320/352/352
f 247/326/326 300/252/252 304/258/258 324/334/334
f 239/327/327 247/326/326 328/253/253 327/249/249
f 239/327/327 327/249/249 326/245/245 240/328/328
f 240/328/328 326/245/245 325/248/248 241/329/329
f 328/253/253 247/326/326 324/334/334 315/360/360
f 307/335/335 252/342/342 329/361/361 308/336/336
f 306/333/333 305/330/330 308/336/336 329/361/361
f 306/333/333 329/361/361 315/360/360 324/334/334
f 420/350/350 298/344/344 334/322/322 426/324/324
f 291/343/343 296/346/346 333/318/318 331/316/316
f 298/344/344 77/129/129 120/107/107 334/322/322
f 296/346/346 293/349/349 332/319/319 333/318/318
f 289/341/341 291/343/343 331/316/316 330/313/313
f 252/342/342 289/341/341 330/313/313 335/312/312
f 252/342/342 335/312/312 315/360/360 329/361/361
f 253/362/362 248/254/254 328/253/253 315/360/360
f 253/362/362 315/360/360 335/312/312 287/315/315
f 296/346/346 291/343/343 319/353/353 316/347/347
f 291/343/343 311/338/338 322/356/356 319/353/353
f 311/338/338 310/337/337 321/357/357 322/356/356
f 422/340/340 309/363/363 323/359/359 425/358/358
f 266/271/271 313/364/364 353/365/365 351/272/272
f 266/271/271 256/264/264 279/263/263 313/364/364
f 95/153/153 339/366/366 341/299/299 14/76/76
f 313/364/364 339/366/366 344/367/367 353/365/365
f 342/295/295 281/270/270 282/288/288 349/296/296
f 347/297/297 280/268/268 281/270/270 342/295/295
f 349/296/296 282/288/288 285/304/304 338/300/300
f 337/298/298 278/266/266 280/268/268 347/297/297
f 339/366/366 313/364/364 279/263/263 341/299/299
f 344/367/367 339/366/366 95/153/153 124/156/156
f 341/299/299 279/263/263 278/266/266 337/298/298
f 350/259/259 250/262/262 245/256/256 336/255/255
f 367/307/307 361/368/368 356/369/369 284/308/308
f 346/233/233 234/236/236 235/239/239 343/234/234
f 359/303/303 358/370/370 250/262/262 350/259/259
f 348/235/235 233/240/240 234/236/236 346/233/233
f 336/255/255 245/256/256 233/240/240 348/235/235
f 344/367/367 124/156/156 125/160/160 323/359/359
f 323/359/359 125/160/160 83/138/138 320/352/352
f 344/367/367 323/359/359 309/363/363 353/365/365
f 351/272/272 258/371/371 257/372/372 352/468/273
f 353/365/365 309/363/363 258/371/371 351/272/272
f 345/373/373 283/374/374 380/375/375 375/376/376
f 360/377/377 378/378/378 178/169/169 153/168/168
f 361/368/368 381/379/379 378/378/378 360/377/377
f 145/172/172 345/373/373 375/376/376 173/173/173
f 363/380/380 369/311/311 370/260/260 366/381/381
f 355/302/302 360/377/377 153/168/168 146/82/82
f 283/374/374 364/382/382 377/383/383 380/375/375
f 361/368/368 367/307/307 382/384/384 381/379/379
f 370/260/260 250/262/262 358/370/370 366/381/381
f 365/306/306 379/385/385 382/384/384 367/307/307
f 364/382/382 368/386/386 376/387/387 377/383/383
f 368/386/386 379/385/385 376/387/387
f 365/306/306 357/305/305 369/311/311 363/380/380
f 356/369/369 361/368/368 360/377/377 355/302/302
f 357/305/305 284/308/308 251/388/388 371/309/309
f 304/258/258 286/257/257 373/261/261 303/332/332
f 373/261/261 372/310/310 288/331/331 303/332/332
f 356/369/369 374/389/389 251/388/388 284/308/308
f 355/302/302 340/301/301 374/389/389 356/369/369
f 285/304/304 374/389/389 340/301/301 338/300/300
f 276/293/293 251/388/388 374/389/389 285/304/304
f 276/293/293 274/291/291 371/309/309 251/388/388
f 371/309/309 274/291/291 288/331/331 372/310/310
f 376/387/387 363/380/380 366/381/381 377/383/383
f 377/383/383 366/381/381 358/370/370 380/375/375
f 382/384/384 364/382/382 362/390/390 381/379/379
f 379/385/385 368/386/386 364/382/382 382/384/384
f 380/375/375 358/370/370 359/303/303 375/376/376
f 378/378/378 354/391/391 3/185/185 178/169/169
f 379/385/385 365/306/306 363/380/380 376/387/387
f 381/379/379 362/390/390 354/391/391 378/378/378
f 375/376/376 359/303/303 150/84/84 173/173/173
f 431/392/392 325/248/248 244/247/247 430/393/393
f 431/392/392 429/394/394 241/329/329 325/248/248
f 225/190/190 435/395/395 383/396/396 12/191/191
f 432/397/397 387/398/398 386/399/399 434/400/400
f 433/401/401 388/402/402 387/398/398 432/397/397
f 435/395/395 434/400/400 386/399/399 383/396/396
f 433/401/401 429/394/394 389/403/403 388/402/402
f 249/269/269 390/404/404 402/405/405 273/294/294
f 271/290/290 400/406/406 399/407/407 269/286/286
f 261/280/280 395/408/408 394/409/409 259/277/277
f 272/292/292 401/410/410 400/406/406 271/290/290
f 254/267/267 391/411/411 390/404/404 249/269/269
f 273/294/294 402/405/405 401/410/410 272/292/292
f 257/466/372 393/412/412 403/413/413 352/273/273
f 267/284/284 398/414/414 396/415/415 263/282/282
f 263/282/282 396/415/415 395/408/408 261/280/280
f 255/265/265 392/416/416 391/411/411 254/267/267
f 352/273/273 403/413/413 397/417/417 265/274/274
f 418/278/278 427/418/418 393/412/412 257/466/372
f 269/286/286 399/407/407 398/414/414 267/284/284
f 265/274/274 397/417/417 392/416/416 255/265/265
f 400/406/406 414/419/419 413/440/420 399/407/407
f 393/412/412 407/421/421 417/445/422 403/413/413
f 401/410/410 415/423/423 414/419/419 400/406/406
f 427/418/418 428/424/424 407/421/421 393/412/412
f 402/405/405 416/425/425 415/423/423 401/410/410
f 395/408/408 409/426/426 408/437/427 394/409/409
f 390/404/404 404/428/428 416/425/425 402/405/405
f 396/415/415 410/429/429 409/426/426 395/408/408
f 403/413/413 417/445/422 411/444/430 397/417/417
f 397/417/417 411/444/430 406/442/431 392/416/416
f 398/414/414 412/432/432 410/429/429 396/415/415
f 392/416/416 406/442/431 405/438/433 391/411/411
f 399/407/407 413/440/420 412/432/432 398/414/414
f 391/411/411 405/438/433 404/428/428 390/404/404
f 405/433/433 406/431/431 411/430/430 417/422/422 407/449/421 428/436/424 408/427/427 409/446/426 410/443/429 412/441/432 413/420/420 414/450/419 415/448/423 416/447/425 404/439/428
f 394/409/409 408/437/427 428/424/424 427/418/418
f 259/277/277 394/409/409 427/418/418 418/278/278
f 310/337/337 422/340/340 425/358/358 321/357/357
f 293/349/349 420/350/350 426/324/324 332/319/319
f 318/354/354 321/357/357 425/358/358 424/355/355
f 314/348/348 318/354/354 424/355/355 423/351/351
f 293/349/349 314/348/348 423/351/351 420/350/350
f 258/371/371 309/363/363 422/340/340 419/275/275
f 332/319/319 426/324/324 421/325/325 294/320/320
f 258/371/371 419/275/275 418/467/278 257/372/372
f 301/243/243 241/329/329 429/394/394 433/401/401
f 343/234/234 235/239/239 434/400/400 435/395/395
f 301/243/243 433/401/401 432/397/397 238/238/238
f 238/238/238 432/397/397 434/400/400 235/239/239
f 11/2/2 343/234/234 435/395/395 225/190/190
f 385/434/434 389/403/403 429/394/394 431/392/392
f 385/434/434 431/392/392 430/393/393 384/435/435
g default
v 31.037548 534.543640 -28.579159
v -0.095672 532.771606 -43.543297
v -31.140202 534.543640 -28.620358
v -45.790646 535.059692 1.682182
v 46.777817 533.567505 1.840479
v 32.089470 546.489807 -30.857494
v -0.212551 543.873840 -44.058258
v -32.330452 546.489807 -30.916958
v -44.999702 546.489807 1.512157
v 46.861858 543.951782 1.367780
v 31.486567 556.681885 -29.880117
v -0.191341 554.065918 -42.910080
v -31.691860 556.681885 -29.962521
v -43.851856 556.681885 1.547447
v 45.826252 554.590271 1.445971
v 29.708073 566.362915 -26.997005
v -0.128777 563.746948 -39.523132
v -29.808102 566.362915 -27.147060
v -40.465942 566.362915 1.651587
v 42.771366 564.695374 1.492637
v 26.843185 575.047363 -22.352728
v -0.027991 572.431396 -34.067242
v -26.773636 575.047363 -22.611759
v -35.011703 575.047363 1.819332
v 37.850380 573.760254 1.778433
v 23.035553 582.299866 -16.180172
v 0.105960 579.683899 -26.815990
v -22.740633 582.299866 -16.584040
v -27.762638 582.299866 2.042294
v 31.310057 581.330383 1.620764
v 18.476095 587.756653 -8.788847
v 0.266364 585.140686 -18.132988
v -17.911308 587.756653 -12.204276
v -19.082260 587.756653 2.309260
v 23.478355 587.026245 1.431015
v 13.393463 591.144226 -0.549388
v 0.445162 591.144226 -8.453637
v -7.192620 591.144226 -6.734183
v -9.405837 591.144226 2.606868
v 14.747986 590.562195 1.278926
v 7.201762 592.292603 2.335947
v -0.000003 482.616486 15.637292
v 43.318058 512.033325 1.661678
v 39.385952 504.006683 1.533901
v 32.738075 495.370697 0.449987
v 45.604210 519.202209 1.399583
v 46.984600 526.478943 1.387167
v 2.832722 482.914337 15.248976
v 5.355618 483.172485 14.508935
v 10.261868 483.771545 11.886327
v 13.762212 484.538239 9.300350
v 21.980234 496.116089 -19.764894
v 11.608464 486.388763 -7.128136
v -0.000001 499.084900 -29.012602
v -0.000000 486.314056 -11.079494
v -0.000003 481.094482 15.019800
v 2.843810 481.333191 14.597144
v 5.402661 481.408295 13.746166
v 8.467301 481.446411 11.997903
v 12.918760 481.528656 8.832204
v 12.230975 481.989655 -3.589092
v -0.000003 482.318817 -10.607889
v 27.862854 511.426971 -25.881418
v 25.599247 503.612549 -22.988081
v 29.428440 518.562073 -27.623907
v 30.446014 525.626709 -28.127405
v -0.000002 512.302246 -38.241535
v -0.000002 505.438599 -34.054253
v -0.000002 518.660217 -41.285088
v -0.000002 525.201965 -43.198044
v 25.735952 489.808319 -1.601047
v 17.747501 492.224396 -18.221693
v -0.000001 494.071991 -24.251194
v -0.000006 475.254486 14.992616
v 3.065811 475.628021 14.312513
v 6.257889 475.816498 13.439565
v 9.782411 476.288849 11.707591
v 13.845591 476.425690 8.362871
v 13.358991 475.876617 -3.523830
v -0.000005 475.065430 -11.161389
v -0.000010 467.170746 17.577820
v 4.744434 467.592834 16.694319
v 11.278653 467.461761 15.660396
v 14.054605 470.668518 11.775168
v 16.169752 471.386139 7.302578
v 15.235716 471.932037 -3.537008
v -0.000012 458.686523 23.367609
v 5.957102 458.714264 23.035273
v 21.379681 463.659760 16.994183
v 20.966694 456.769226 24.391243
v 30.111252 462.000122 16.394161
v 29.633911 454.789978 23.752937
v 40.222599 459.127930 13.825496
v 39.829563 450.322357 20.733459
v 12.712988 458.214081 23.258284
v 30.176620 466.767426 4.713296
v 38.245113 464.785736 2.786325
v 32.181255 465.494385 -6.993426
v 26.609678 467.842804 -5.349443
v 30.454132 465.457275 10.353862
v 39.395287 463.139618 7.833014
v 22.423527 467.094116 11.675212
v 22.734804 468.057800 6.138359
v 20.415434 469.444031 -3.921650
v -0.000001 465.034607 -14.386518
v 26.440300 462.687988 -15.644666
v 20.001245 464.258514 -14.649651
v 12.673124 465.371765 -13.655888
v -0.000000 456.438965 -17.829716
v 24.355030 456.222656 -19.853243
v 17.023460 456.026489 -20.473606
v 9.565902 456.246124 -19.153557
v -0.000000 445.226746 -21.469946
v 25.132109 443.009399 -20.839058
v 17.927107 442.092194 -22.988615
v 9.303273 443.726715 -22.794029
v 31.196836 435.529755 29.100588
v 37.725082 435.867798 22.532497
v 31.972408 430.366089 28.623993
v 37.521576 425.766113 21.892338
v 31.136066 427.791992 29.305552
v 35.776566 420.105316 23.835155
v 28.490675 427.314575 31.318464
v 31.135262 418.603668 29.033115
v 24.398613 429.359131 33.352211
v 22.570267 421.405548 34.600426
v 22.629564 434.937378 33.285206
v 19.125217 434.983337 33.833645
v 23.797834 439.589813 32.141956
v 20.834375 446.457947 30.550943
v 27.152491 433.647339 31.739655
v 27.111998 439.765381 31.021130
v 28.676558 445.664581 28.432837
v -0.000000 418.106598 38.495079
v -0.000003 433.809296 34.520184
v -0.000006 448.260864 29.526970
v 13.635086 434.965790 34.418812
v 13.277127 448.106079 30.011885
v 15.000391 419.938110 37.287254
v 6.981818 434.502014 34.492523
v 7.591892 419.050659 38.268475
v 6.508627 448.460205 29.575476
v 28.772760 422.225616 -15.538390
v 21.656830 412.817627 -18.915157
v 32.336720 418.491699 -5.402440
v 26.338043 404.043823 -8.177765
v 37.066090 423.214935 4.408491
v 34.236912 415.307556 4.462859
v 40.311764 426.158752 12.751400
v 38.649307 419.406555 13.825216
v 51.102531 454.229004 10.659807
v 49.347698 446.315247 15.597781
v 50.738308 460.440826 0.608523
v 44.717529 462.338135 -9.328887
v 51.409225 458.209991 5.212118
v 36.090111 457.279663 -16.184734
v 33.648502 451.883270 -17.719561
v 32.723637 442.004547 -17.189859
v 46.070137 435.777740 16.030367
v 33.916039 427.460052 -12.446884
v 36.410053 424.131256 -4.631139
v 40.556835 424.822540 3.482305
v 44.068459 428.184113 10.993790
v 11.112753 418.285889 -21.258520
v 13.024199 399.602509 -16.395758
v -0.000001 427.591827 -20.886692
v -0.000002 407.684418 -17.722408
v 23.565117 405.133575 32.818207
v 0.000000 401.812988 37.205128
v 15.155557 403.884735 36.154175
v 7.612135 402.956329 37.216698
v 21.248320 388.880463 31.790108
v 0.000000 386.222046 34.929008
v 14.472254 387.933105 34.289066
v 7.873671 387.187439 34.968567
v 33.537342 406.603485 25.636639
v 32.800320 391.644135 25.476053
v 37.684280 409.228119 16.236349
v 36.844704 393.598999 15.680334
v 33.356724 404.499207 5.385528
v 32.410095 391.780457 3.956585
v 25.551058 396.700470 -5.262657
v 24.559753 388.786865 -6.403917
v 13.840353 393.112488 -13.433839
v 13.991063 386.971832 -12.221606
v -0.000002 397.954407 -15.486709
v -0.000000 387.239380 -14.025274
v 16.820847 304.276855 29.854588
v 0.000000 303.413269 28.821644
v 7.365936 302.837891 29.266823
v 4.154402 302.926025 29.270653
v 7.321798 349.137054 35.723473
v 10.491278 349.155212 35.688492
v 17.670086 349.329010 35.048210
v 0.000000 348.787872 35.720867
v 13.052956 370.819000 35.438053
v 19.917892 371.740204 33.838108
v 8.729304 370.361908 35.663177
v 0.000000 369.575745 35.594120
v 6.633915 322.230438 33.747814
v 0.000000 322.417755 33.823185
v 9.698285 322.130432 33.727676
v 16.122032 321.842621 33.476879
v 10.943630 290.855103 18.278872
v 0.000000 293.447571 14.533964
v 4.976627 292.507935 15.709336
v 2.667330 292.183380 14.500889
v 8.367504 277.263336 -15.929444
v 0.000000 282.684479 -15.252720
v 5.373353 281.265411 -16.185291
v 2.224046 282.123718 -15.648643
v 24.932936 294.346344 -34.332180
v 0.000000 292.354706 -32.724976
v 11.687874 291.034393 -32.788895
v 5.412734 291.239105 -33.148151
v 25.140507 319.706665 -32.104176
v -0.000000 320.307373 -32.331608
v 15.098160 318.626678 -33.278187
v 7.101826 321.344604 -33.768661
v 25.478624 340.961426 -23.214207
v -0.000000 346.663055 -22.642282
v 17.508738 342.414276 -24.619099
v 8.913549 344.002014 -23.109264
v 25.607405 362.192078 -9.671093
v -0.000000 371.375427 -14.823193
v 18.468847 365.424896 -12.924562
v 10.681964 369.811218 -13.625271
v 25.179359 316.130280 29.671604
v 24.978270 301.224579 27.309679
v 42.470142 331.088470 9.767489
v 44.458710 319.464417 5.124207
v 38.853867 355.249268 6.426130
v 35.500637 358.530853 0.976322
v 42.610546 330.833221 -15.769880
v 46.554604 317.669006 -24.083725
v 30.858389 374.135101 27.858383
v 28.239254 355.685974 28.855284
v 25.433937 331.461609 28.845667
v 36.746372 366.511414 10.388614
v 38.627766 358.037445 14.077348
v 40.467300 341.853241 14.090614
v 37.829235 342.258331 -8.002221
v 47.954006 321.100433 -8.761207
v 44.280453 332.704834 -2.798502
v 12.193076 378.925842 -12.526174
v 40.557148 342.039032 2.979007
v 21.500530 377.645966 -9.179005
v 29.077625 376.592468 -2.073917
v -0.000000 379.296539 -14.037180
v 2.153442 284.677643 -1.150930
v 4.117011 284.211639 -1.075089
v 7.027532 281.571625 -0.961859
v 0.000000 284.917358 -0.612525
v 36.805759 380.415466 14.018542
v 33.531376 371.538574 4.403430
v 32.557865 341.699097 -18.436224
v 30.943729 360.636566 -5.224720
v 35.177380 325.776184 -28.782257
v 35.019638 337.612915 22.500181
v 37.235653 311.895599 22.004564
v 39.643326 309.384949 -32.199726
v 35.639629 358.741791 22.383905
v 36.072937 324.861877 20.506666
v 36.535091 371.900238 19.291677
v 56.077953 448.434723 9.147340
v 54.494102 440.521667 12.241080
v 55.291218 455.975037 0.409452
v 49.525761 458.329041 -10.135126
v 56.056477 453.206238 4.763290
v 40.186333 453.289825 -16.394447
v 37.850578 447.441589 -17.015799
v 37.716583 435.623322 -14.923217
v 51.014225 431.332886 12.536446
v 38.076588 424.982574 -11.340452
v 40.097984 420.983704 -5.248446
v 43.846794 420.313477 2.569081
v 47.864929 424.076508 9.296791
v 12.201921 273.170807 14.720298
v 14.875978 270.353271 -22.674204
v 28.547775 275.536621 -36.843559
v 24.291428 275.724823 26.737644
v 46.282219 284.349304 15.949531
v 50.735249 286.042450 -26.761990
v 52.636013 287.888428 -4.714432
v 8.231261 273.112152 -3.135251
v 39.336178 281.243164 28.171900
v 41.452553 281.341461 -37.116402
v 15.865703 246.943207 12.670194
v 28.522322 248.473297 21.533819
v 51.437084 252.925293 -21.865904
v 41.308235 251.100586 -32.699173
v 56.283417 254.000824 -2.040115
v 44.116508 251.723724 24.478765
v 50.944042 252.970856 16.105989
v 10.008251 247.293671 -5.513432
v 18.090290 249.029114 -26.906031
v 29.101088 249.401581 -34.758602
v -43.318096 512.033325 1.661680
v -39.385986 504.006683 1.533901
v -32.738091 495.370667 0.449987
v -45.604259 519.202148 1.399585
v -46.984646 526.478943 1.387169
v -2.832725 482.914337 15.248967
v -5.355622 483.172485 14.508924
v -10.261871 483.771545 11.886314
v -13.762218 484.538239 9.300333
v -21.980242 496.116089 -19.764894
v -11.608466 486.388763 -7.128140
v -2.843814 481.333191 14.597136
v -5.402665 481.408295 13.746156
v -8.467306 481.446411 11.997891
v -12.918769 481.528687 8.832177
v -12.230985 481.989655 -3.589120
v -27.862864 511.426971 -25.881416
v -25.599258 503.612549 -22.988081
v -29.428452 518.562073 -27.623905
v -30.446024 525.626709 -28.127403
v -25.735962 489.808289 -1.601048
v -17.747505 492.224396 -18.221693
v -3.065816 475.628021 14.312498
v -6.257898 475.816498 13.439539
v -9.782424 476.288849 11.707549
v -13.845616 476.425690 8.362796
v -13.359020 475.876617 -3.523917
v -4.744447 467.592834 16.694279
v -11.278681 467.461761 15.660311
v -14.054645 470.668457 11.775047
v -16.169806 471.386200 7.302414
v -15.235769 471.931976 -3.537179
v -5.957119 458.714264 23.035219
v -21.379747 463.659760 16.993998
v -20.966749 456.769226 24.391085
v -30.111334 462.000092 16.393961
v -29.633978 454.789948 23.752764
v -40.222683 459.127930 13.825337
v -39.829624 450.322357 20.733358
v -12.713017 458.214081 23.258192
v -30.176712 466.767334 4.713062
v -38.245197 464.785645 2.786143
v -32.181347 465.494385 -6.993624
v -26.609770 467.842804 -5.349678
v -30.454220 465.457275 10.353625
v -39.395374 463.139557 7.832829
v -22.423607 467.094116 11.674990
v -22.734888 468.057770 6.138120
v -20.415518 469.444000 -3.921889
v -26.440390 462.687958 -15.644887
v -20.001333 464.258514 -14.649881
v -12.673182 465.371765 -13.656050
v -24.355127 456.222626 -19.853493
v -17.023525 456.026489 -20.473766
v -9.565907 456.246124 -19.153568
v -25.132174 443.009399 -20.839212
v -17.927118 442.092194 -22.988626
v -9.303276 443.726715 -22.794031
v -31.196861 435.529755 29.100523
v -37.725117 435.867798 22.532454
v -31.972424 430.366089 28.623949
v -37.521587 425.766113 21.892307
v -31.136080 427.791992 29.305517
v -35.776573 420.105316 23.835138
v -28.490685 427.314575 31.318436
v -31.135265 418.603668 29.033102
v -24.398623 429.359131 33.352180
v -22.570269 421.405548 34.600414
v -22.629580 434.937378 33.285164
v -19.125229 434.983337 33.833607
v -23.797857 439.589844 32.141888
v -20.834404 446.457977 30.550856
v -27.152506 433.647339 31.739607
v -27.112028 439.765381 31.021053
v -28.676607 445.664551 28.432714
v -13.635096 434.965790 34.418781
v -13.277147 448.106079 30.011820
v -15.000392 419.938110 37.287247
v -6.981825 434.502014 34.492500
v -7.591893 419.050659 38.268475
v -6.508640 448.460205 29.575432
v -28.772762 422.225616 -15.538390
v -21.656830 412.817627 -18.915157
v -32.336720 418.491699 -5.402439
v -26.338047 404.043823 -8.177772
v -37.066097 423.214935 4.408490
v -34.236916 415.307556 4.462855
v -40.311790 426.158783 12.751390
v -38.649311 419.406555 13.825208
v -51.102589 454.229065 10.659752
v -49.347752 446.315277 15.597775
v -50.738373 460.440857 0.608434
v -44.717602 462.338135 -9.329001
v -51.409294 458.209991 5.212056
v -36.090195 457.279633 -16.184891
v -33.648590 451.883270 -17.719746
v -32.723721 442.004547 -17.190060
v -46.070183 435.777771 16.030386
v -33.916050 427.460052 -12.446898
v -36.410057 424.131256 -4.631141
v -40.556873 424.822601 3.482329
v -44.068501 428.184113 10.993810
v -11.112757 418.285889 -21.258518
v -13.024202 399.602509 -16.395761
v -23.565117 405.133575 32.818207
v -15.155559 403.884735 36.154175
v -7.612135 402.956329 37.216698
v -21.248320 388.880463 31.790108
v -14.472254 387.933105 34.289066
v -7.873671 387.187439 34.968567
v -33.537342 406.603485 25.636639
v -32.800320 391.644135 25.476053
v -37.684280 409.228058 16.236341
v -36.844704 393.598999 15.680334
v -33.356728 404.499207 5.385521
v -32.410095 391.780457 3.956585
v -25.551060 396.700470 -5.262658
v -24.559753 388.786865 -6.403917
v -13.840353 393.112488 -13.433839
v -13.991063 386.971832 -12.221606
v -16.820847 304.276855 29.854588
v -7.365936 302.837891 29.266823
v -4.154402 302.926025 29.270653
v -7.321798 349.137054 35.723473
v -10.491278 349.155212 35.688496
v -17.670086 349.329010 35.048210
v -13.052955 370.819000 35.438053
v -19.917892 371.740204 33.838108
v -8.729304 370.361908 35.663177
v -6.633915 322.230438 33.747814
v -9.698285 322.130432 33.727676
v -16.122032 321.842621 33.476879
v -10.943630 290.855103 18.278872
v -4.976627 292.507935 15.709336
v -2.667330 292.183380 14.500889
v -8.367504 277.263336 -15.929444
v -5.373353 281.265411 -16.185291
v -2.224046 282.123718 -15.648643
v -24.932936 294.346344 -34.332180
v -11.687874 291.034393 -32.788895
v -5.412734 291.239105 -33.148151
v -25.140507 319.706665 -32.104176
v -15.098160 318.626678 -33.278187
v -7.101826 321.344604 -33.768661
v -25.478624 340.961426 -23.214207
v -17.508738 342.414276 -24.619099
v -8.913549 344.002014 -23.109264
v -25.607405 362.192078 -9.671093
v -18.468847 365.424896 -12.924562
v -10.681965 369.811218 -13.625271
v -25.179359 316.130280 29.671604
v -24.978270 301.224579 27.309679
v -42.470142 331.088470 9.767489
v -44.458710 319.464417 5.124207
v -38.853867 355.249268 6.426130
v -35.500637 358.530853 0.976322
v -42.610546 330.833221 -15.769880
v -46.554604 317.669006 -24.083725
v -30.858389 374.135101 27.858383
v -28.239250 355.685974 28.855284
v -25.433937 331.461609 28.845667
v -36.746372 366.511414 10.388615
v -38.627766 358.037445 14.077348
v -40.467300 341.853241 14.090614
v -37.829235 342.258331 -8.002221
v -47.954006 321.100433 -8.761207
v -44.280453 332.704834 -2.798502
v -12.193076 378.925842 -12.526174
v -40.557148 342.039032 2.979008
v -21.500530 377.645966 -9.179005
v -29.077625 376.592468 -2.073916
v -2.153442 284.677643 -1.150930
v -4.117011 284.211639 -1.075089
v -7.027532 281.571625 -0.961859
v -36.805759 380.415466 14.018542
v -33.531376 371.538574 4.403431
v -32.557865 341.699097 -18.436224
v -30.943729 360.636566 -5.224720
v -35.177380 325.776184 -28.782257
v -35.019638 337.612915 22.500181
v -37.235653 311.895599 22.004564
v -39.643326 309.384949 -32.199726
v -35.639629 358.741791 22.383905
v -36.072937 324.861877 20.506666
v -36.535091 371.900238 19.291679
v -56.078003 448.434784 9.147359
v -54.494156 440.521667 12.241117
v -55.291279 455.975098 0.409420
v -49.525829 458.329071 -10.135193
v -56.056534 453.206238 4.763285
v -40.186405 453.289856 -16.394560
v -37.850655 447.441620 -17.015940
v -37.716648 435.623322 -14.923342
v -51.014271 431.332916 12.536484
v -38.076626 424.982605 -11.340444
v -40.098030 420.983704 -5.248417
v -43.846848 420.313507 2.569115
v -47.864979 424.076569 9.296826
v -12.201921 273.170807 14.720298
v -14.875978 270.353271 -22.674204
v -28.547775 275.536621 -36.843559
v -24.291428 275.724823 26.737644
v -46.282219 284.349304 15.949531
v -50.735249 286.042450 -26.761990
v -52.636013 287.888428 -4.714432
v -8.231261 273.112152 -3.135251
v -39.336178 281.243164 28.171900
v -41.452553 281.341461 -37.116402
v -15.865703 246.943207 12.670194
v -28.522322 248.473297 21.533819
v -51.437084 252.925293 -21.865904
v -41.308235 251.100586 -32.699173
v -56.283417 254.000824 -2.040115
v -44.116508 251.723724 24.478765
v -50.944042 252.970856 16.105989
v -10.008251 247.293671 -5.513432
v -18.090290 249.029114 -26.906031
v -29.101088 249.401581 -34.758602
vt 0.183209 0.849940
vt 0.243379 0.844165
vt 0.243572 0.863152
vt 0.185162 0.872654
vt 0.303381 0.849402
vt 0.301260 0.871958
vt 0.365061 0.856158
vt 0.363874 0.883134
vt 0.121172 0.853490
vt 0.121966 0.877690
vt 0.243602 0.880960
vt 0.187106 0.891588
vt 0.299799 0.890800
vt 0.358328 0.907046
vt 0.125926 0.902690
vt 0.243628 0.898803
vt 0.190134 0.910199
vt 0.297171 0.909454
vt 0.348320 0.929623
vt 0.134608 0.926365
vt 0.243612 0.916662
vt 0.193657 0.928840
vt 0.293376 0.927824
vt 0.334017 0.950149
vt 0.148379 0.947148
vt 0.243553 0.934540
vt 0.198490 0.947228
vt 0.288392 0.945878
vt 0.315654 0.967979
vt 0.166022 0.964085
vt 0.243472 0.952542
vt 0.204741 0.965501
vt 0.280221 0.959673
vt 0.293585 0.982417
vt 0.186378 0.977178
vt 0.243356 0.972679
vt 0.213183 0.984066
vt 0.260348 0.975092
vt 0.268614 0.991010
vt 0.208754 0.986228
vt 0.227197 0.992534
vt 0.826866 0.633258
vt 0.820543 0.632374
vt 0.821032 0.627949
vt 0.827979 0.628487
vt 0.813635 0.631484
vt 0.813593 0.627261
vt 0.840413 0.636248
vt 0.836979 0.629361
vt 0.178415 0.729272
vt 0.180029 0.725150
vt 0.125812 0.820373
vt 0.130707 0.803788
vt 0.189821 0.805046
vt 0.187207 0.819243
vt 0.122509 0.837131
vt 0.184655 0.832850
vt 0.139808 0.785202
vt 0.193243 0.788810
vt 0.156422 0.765151
vt 0.199134 0.772204
vt 0.175732 0.752264
vt 0.206538 0.761874
vt 0.831167 0.613959
vt 0.841665 0.616429
vt 0.181158 0.718436
vt 0.822111 0.612995
vt 0.813436 0.611827
vt 0.844647 0.590956
vt 0.854591 0.602641
vt 0.180313 0.711665
vt 0.826416 0.590797
vt 0.813206 0.589151
vt 0.812929 0.561826
vt 0.828395 0.561918
vt 0.845793 0.559280
vt 0.866534 0.552041
vt 0.870847 0.577320
vt 0.888633 0.545687
vt 0.893598 0.570984
vt 0.916858 0.536373
vt 0.921050 0.564837
vt 0.899121 0.587564
vt 0.923934 0.583116
vt 0.152065 0.685816
vt 0.163547 0.695795
vt 0.877296 0.592358
vt 0.173161 0.704051
vt 0.242669 0.684226
vt 0.214998 0.680765
vt 0.224218 0.659537
vt 0.242591 0.662172
vt 0.201539 0.673906
vt 0.210331 0.655718
vt 0.190319 0.666769
vt 0.196656 0.653850
vt 0.225412 0.632008
vt 0.242503 0.636186
vt 0.209473 0.627460
vt 0.195623 0.628440
vt 0.880419 0.504421
vt 0.880957 0.489004
vt 0.892805 0.494547
vt 0.885266 0.520160
vt 0.916765 0.497864
vt 0.896047 0.481595
vt 0.918557 0.470818
vt 0.893637 0.474804
vt 0.912322 0.455537
vt 0.885272 0.473152
vt 0.894644 0.451067
vt 0.873495 0.477846
vt 0.868856 0.457502
vt 0.868750 0.491878
vt 0.859869 0.491997
vt 0.871740 0.503751
vt 0.864590 0.521830
vt 0.828910 0.529943
vt 0.812603 0.529909
vt 0.812196 0.490193
vt 0.829506 0.491608
vt 0.811767 0.448669
vt 0.830516 0.450960
vt 0.846071 0.492193
vt 0.848973 0.453317
vt 0.845805 0.527691
vt 0.184854 0.587800
vt 0.201303 0.569999
vt 0.166982 0.575578
vt 0.185227 0.548057
vt 0.130049 0.562760
vt 0.124801 0.572907
vt 0.179854 0.626152
vt 0.172153 0.597751
vt 0.951276 0.555597
vt 0.956429 0.572071
vt 0.143196 0.576933
vt 0.139473 0.583576
vt 0.121725 0.580209
vt 0.944287 0.502721
vt 0.945902 0.531856
vt 0.132369 0.668633
vt 0.158093 0.586810
vt 0.179090 0.643962
vt 0.173750 0.653209
vt 0.216684 0.540870
vt 0.221588 0.580451
vt 0.242261 0.556946
vt 0.242386 0.599142
vt 0.830698 0.409964
vt 0.850073 0.412415
vt 0.873192 0.415731
vt 0.811332 0.407085
vt 0.831421 0.369250
vt 0.848777 0.371138
vt 0.867733 0.373551
vt 0.810907 0.366935
vt 0.902345 0.380713
vt 0.904668 0.419890
vt 0.929971 0.385487
vt 0.132688 0.546107
vt 0.164055 0.521084
vt 0.156765 0.543420
vt 0.189263 0.515966
vt 0.184902 0.531989
vt 0.214057 0.526077
vt 0.242202 0.535876
vt 0.213458 0.512624
vt 0.242140 0.512768
vt 0.151644 0.563219
vt 0.832137 0.199016
vt 0.824836 0.198927
vt 0.819091 0.143769
vt 0.827287 0.144188
vt 0.847513 0.199574
vt 0.850912 0.152674
vt 0.809038 0.199246
vt 0.808390 0.144122
vt 0.832485 0.325755
vt 0.810441 0.323894
vt 0.809841 0.269600
vt 0.827666 0.270531
vt 0.861403 0.329214
vt 0.843453 0.326879
vt 0.835399 0.270674
vt 0.853094 0.271483
vt 0.815759 0.088895
vt 0.822295 0.092980
vt 0.840613 0.098986
vt 0.807755 0.091013
vt 0.819255 0.030703
vt 0.813345 0.030823
vt 0.235533 0.238030
vt 0.227009 0.239280
vt 0.223738 0.198924
vt 0.214996 0.236724
vt 0.807050 0.032855
vt 0.241531 0.237294
vt 0.230676 0.289031
vt 0.218057 0.290051
vt 0.192938 0.304562
vt 0.241635 0.290376
vt 0.229210 0.359184
vt 0.215272 0.354305
vt 0.197972 0.359465
vt 0.241774 0.357190
vt 0.225850 0.415418
vt 0.210461 0.410717
vt 0.195612 0.408776
vt 0.241917 0.421408
vt 0.220397 0.475243
vt 0.204687 0.465908
vt 0.188575 0.460960
vt 0.242052 0.478087
vt 0.197374 0.492790
vt 0.217183 0.495135
vt 0.176589 0.492365
vt 0.242096 0.495542
vt 0.873005 0.149407
vt 0.870153 0.186797
vt 0.903400 0.182270
vt 0.088897 0.427488
vt 0.158288 0.396834
vt 0.156988 0.367040
vt 0.170535 0.344509
vt 0.180488 0.375576
vt 0.874266 0.225872
vt 0.884618 0.288014
vt 0.893461 0.335409
vt 0.116114 0.423390
vt 0.119117 0.443595
vt 0.097976 0.447061
vt 0.117156 0.476757
vt 0.130214 0.493951
vt 0.142758 0.503190
vt 0.180064 0.414111
vt 0.144625 0.479778
vt 0.132108 0.468475
vt 0.143984 0.458347
vt 0.158212 0.460263
vt 0.138484 0.412700
vt 0.138867 0.433852
vt 0.174318 0.460352
vt 0.111437 0.401326
vt 0.135649 0.388149
vt 0.159415 0.424531
vt 0.160062 0.485118
vt 0.962872 0.496106
vt 0.185155 0.101718
vt 0.168598 0.615711
vt 0.109535 0.025761
vt 0.967532 0.544026
vt 0.187515 0.155342
vt 0.120244 0.009928
vt 0.138602 0.008884
vt 0.157534 0.027238
vt 0.182293 0.165668
vt 0.166625 0.644640
vt 0.103900 0.120167
vt 0.057267 0.359614
vt 0.096011 0.341941
vt 0.206532 0.207530
vt 0.871638 0.062915
vt 0.165703 0.277756
vt 0.190244 0.245606
vt 0.921782 0.129641
vt 0.151330 0.298397
vt 0.896620 0.098705
vt 0.131515 0.317879
vt 0.113367 0.258264
vt 0.130167 0.246225
vt 0.950607 0.064389
vt 0.005769 0.319949
vt 0.144342 0.233817
vt 0.024137 0.309284
vt 0.056098 0.291454
vt 0.920952 0.011750
vt 0.931971 0.040043
vt 0.090075 0.272489
vt 0.153525 0.661066
vt 0.145522 0.651823
vt 0.173439 0.677057
vt 0.182204 0.685923
vt 0.191883 0.695141
vt 0.200500 0.703749
vt 0.204426 0.712003
vt 0.205837 0.724940
vt 0.242757 0.707568
vt 0.242821 0.723771
vt 0.210479 0.735028
vt 0.242857 0.732805
vt 0.242991 0.764739
vt 0.243043 0.777270
vt 0.243103 0.792204
vt 0.243154 0.806685
vt 0.243192 0.819146
vt 0.243218 0.831074
vt 0.800443 0.633529
vt 0.799234 0.628781
vt 0.806169 0.628101
vt 0.806747 0.632516
vt 0.786960 0.636795
vt 0.790254 0.629839
vt 0.776191 0.640107
vt 0.305615 0.724660
vt 0.360567 0.819399
vt 0.299352 0.818774
vt 0.296573 0.804606
vt 0.355542 0.802842
vt 0.302078 0.832347
vt 0.363992 0.836159
vt 0.292979 0.788403
vt 0.346295 0.784329
vt 0.286926 0.771848
vt 0.329527 0.764424
vt 0.279427 0.761580
vt 0.310124 0.751710
vt 0.785307 0.617006
vt 0.795753 0.614322
vt 0.304432 0.717964
vt 0.804788 0.613172
vt 0.772103 0.603488
vt 0.781809 0.591603
vt 0.305226 0.711197
vt 0.800033 0.591068
vt 0.797467 0.562238
vt 0.755336 0.578510
vt 0.759135 0.553150
vt 0.780019 0.559959
vt 0.732460 0.572644
vt 0.736910 0.547253
vt 0.704888 0.567062
vt 0.708499 0.538522
vt 0.727276 0.589332
vt 0.321873 0.695228
vt 0.333282 0.685175
vt 0.702377 0.585394
vt 0.749194 0.593676
vt 0.312319 0.703542
vt 0.260944 0.659411
vt 0.270314 0.680569
vt 0.274804 0.655499
vt 0.283724 0.673618
vt 0.288466 0.653539
vt 0.294893 0.666407
vt 0.259565 0.631896
vt 0.275474 0.627248
vt 0.289329 0.628138
vt 0.744278 0.505834
vt 0.731692 0.496221
vt 0.743424 0.490435
vt 0.739754 0.521667
vt 0.707805 0.500029
vt 0.705457 0.473035
vt 0.728185 0.483342
vt 0.730454 0.476504
vt 0.711376 0.457635
vt 0.738783 0.474681
vt 0.728957 0.452803
vt 0.750655 0.479127
vt 0.754873 0.458696
vt 0.755687 0.493054
vt 0.764570 0.492989
vt 0.752942 0.504985
vt 0.760461 0.522909
vt 0.796300 0.530281
vt 0.794919 0.491968
vt 0.793069 0.451354
vt 0.774665 0.454097
vt 0.778369 0.492899
vt 0.779362 0.528379
vt 0.283292 0.569761
vt 0.299847 0.587460
vt 0.299243 0.547739
vt 0.317645 0.575145
vt 0.359810 0.572240
vt 0.354503 0.562127
vt 0.312606 0.597330
vt 0.305083 0.625751
vt 0.669663 0.575016
vt 0.674480 0.558443
vt 0.672138 0.482252
vt 0.345200 0.582989
vt 0.341438 0.576368
vt 0.680388 0.505445
vt 0.679368 0.534601
vt 0.352855 0.667858
vt 0.326599 0.586322
vt 0.305963 0.643537
vt 0.311366 0.652738
vt 0.263070 0.580329
vt 0.267747 0.540729
vt 0.772712 0.413235
vt 0.792031 0.410375
vt 0.749669 0.417038
vt 0.773135 0.371950
vt 0.790446 0.369691
vt 0.754235 0.374768
vt 0.718287 0.421856
vt 0.719784 0.382662
vt 0.691708 0.429032
vt 0.344937 0.521910
vt 0.327679 0.542950
vt 0.320265 0.520668
vt 0.299479 0.531678
vt 0.295033 0.515686
vt 0.270293 0.525925
vt 0.270821 0.512473
vt 0.332911 0.562708
vt 0.785940 0.199547
vt 0.789500 0.144631
vt 0.797683 0.144020
vt 0.793236 0.199290
vt 0.770582 0.200458
vt 0.766083 0.153667
vt 0.788444 0.326236
vt 0.792041 0.270929
vt 0.759610 0.330324
vt 0.766641 0.272447
vt 0.784314 0.271244
vt 0.777504 0.327599
vt 0.793266 0.093325
vt 0.799701 0.089087
vt 0.775098 0.099767
vt 0.794797 0.031000
vt 0.256061 0.239223
vt 0.247532 0.238007
vt 0.800708 0.030977
vt 0.783692 0.029415
vt 0.268063 0.236622
vt 0.265212 0.289952
vt 0.252589 0.288985
vt 0.290389 0.304354
vt 0.268263 0.354187
vt 0.254347 0.359128
vt 0.285586 0.359270
vt 0.273323 0.410571
vt 0.257955 0.415342
vt 0.288163 0.408562
vt 0.279355 0.465724
vt 0.263691 0.475135
vt 0.295442 0.460700
vt 0.286801 0.492561
vt 0.267005 0.495007
vt 0.307583 0.492032
vt 0.747651 0.188216
vt 0.743920 0.150926
vt 0.712108 0.214162
vt 0.410284 0.409804
vt 0.325434 0.396455
vt 0.303140 0.375301
vt 0.312960 0.344197
vt 0.326604 0.366664
vt 0.744441 0.227351
vt 0.735496 0.289666
vt 0.727695 0.337208
vt 0.367724 0.422819
vt 0.714606 0.244359
vt 0.364814 0.443026
vt 0.366931 0.476161
vt 0.353960 0.493399
vt 0.341466 0.502683
vt 0.303734 0.413825
vt 0.339480 0.479301
vt 0.325799 0.459860
vt 0.340018 0.457879
vt 0.351941 0.467949
vt 0.345021 0.433373
vt 0.345307 0.412229
vt 0.309695 0.460024
vt 0.348034 0.387674
vt 0.372303 0.400744
vt 0.324431 0.424148
vt 0.324070 0.484709
vt 0.660387 0.524499
vt 0.032129 0.058627
vt 0.322065 0.597731
vt 0.097482 0.070871
vt 0.655465 0.564320
vt 0.010883 0.133326
vt 0.332671 0.594039
vt 0.347821 0.593833
vt 0.657868 0.477478
vt 0.361960 0.659271
vt 0.314256 0.635475
vt 0.087295 0.145735
vt 0.387474 0.341312
vt 0.426292 0.358818
vt 0.743213 0.064465
vt 0.760902 0.018413
vt 0.292847 0.245403
vt 0.317515 0.277441
vt 0.452108 0.370328
vt 0.331971 0.298015
vt 0.719103 0.100835
vt 0.351868 0.317407
vt 0.352925 0.245774
vt 0.369771 0.257734
vt 0.641146 0.097840
vt 0.664305 0.067849
vt 0.338704 0.233436
vt 0.427175 0.290665
vt 0.459211 0.308356
vt 0.328252 0.210886
vt 0.682345 0.043073
vt 0.393120 0.271852
vt 0.045689 0.169527
vt 0.331646 0.660444
vt 0.311845 0.676569
vt 0.303144 0.685492
vt 0.293533 0.694772
vt 0.284981 0.703437
vt 0.281119 0.711714
vt 0.279809 0.724653
vt 0.275250 0.734772
vt 0.017379 0.163298
vt 0.339583 0.651145
vt 0.318431 0.644123
vt 0.433168 0.162019
vt 0.452275 0.121355
vt 0.356050 0.046288
vt 0.337000 0.109092
vt 0.463373 0.080752
vt 0.344415 0.146835
vt 0.370201 0.188575
vt 0.437119 0.021531
vt 0.390819 0.011782
vt 0.405989 0.189209
vt 0.316272 0.615253
vt 0.097378 0.120647
vt 0.661671 0.499212
vt 0.047083 0.025857
vt 0.012525 0.152791
vt 0.066673 0.008197
vt 0.084992 0.009900
vt 0.095133 0.026107
vt 0.657991 0.547206
vt 0.016799 0.099291
vt 0.153791 0.170876
vt 0.973044 0.574636
vt 0.113074 0.145603
vt 0.207447 0.109736
vt 0.219601 0.152993
vt 0.323141 0.116544
vt 0.314687 0.051457
vt 0.203176 0.067847
vt 0.277327 0.189520
vt 0.309621 0.152567
vt 0.238808 0.013725
vt 0.286073 0.011706
vt 0.241932 0.184277
vt 0.170743 0.635948
vt 0.105584 0.070416
vt 0.121608 0.590621
vt 0.171296 0.060526
vt 0.970406 0.561088
vt 0.136913 0.594435
vt 0.152066 0.594560
vt 0.162696 0.598203
vt 0.964673 0.521369
vt 0.189849 0.135947
vt 0.694692 0.132359
vt 0.477624 0.318943
vt 0.714309 0.184478
vt 0.666697 0.587970
vt 0.653104 0.577919
vt 0.362928 0.579524
vt 0.363104 0.589934
vt 0.687735 0.354107
vt 0.701240 0.331826
vt 0.692266 0.388016
vt 0.709937 0.297746
vt 0.385969 0.446400
vt 0.394957 0.426801
vt 0.684739 0.456191
vt 0.351770 0.545500
vt 0.700207 0.599129
vt 0.681154 0.474624
vt 0.742849 0.606869
vt 0.722587 0.603440
vt 0.761577 0.611889
vt 0.771949 0.620431
vt 0.776464 0.632052
vt 0.307261 0.728765
vt 0.974483 0.093817
vt 0.031500 0.371232
vt 0.073495 0.410545
vt 0.123203 0.660111
vt 0.959658 0.584962
vt 0.966231 0.474297
vt 0.952061 0.479360
vt 0.933773 0.351463
vt 0.139390 0.522459
vt 0.919794 0.329456
vt 0.910350 0.295535
vt 0.904482 0.242208
vt 0.906290 0.211927
vt 0.931391 0.426517
vt 0.938924 0.453545
vt 0.926382 0.596805
vt 0.942889 0.471912
vt 0.904095 0.601575
vt 0.883907 0.605419
vt 0.865286 0.610825
vt 0.855089 0.619580
vt 0.850810 0.631294
vt 0.851247 0.639341
vt 0.276420 0.207405
vt 0.692672 0.014546
vt 0.259184 0.198862
vt 0.241456 0.196062
vt 0.246262 0.197540
vt 0.250755 0.197569
vt 0.154711 0.211200
vt 0.852834 0.017290
vt 0.830319 0.028847
vt 0.236655 0.197556
vt 0.232163 0.197601
vn 0.694160 -0.088998 -0.714298
vn 0.000724 -0.111462 -0.993769
vn -0.000844 -0.028256 -0.999600
vn 0.686446 -0.006556 -0.727152
vn -0.713446 -0.069665 -0.697238
vn -0.704307 0.000622 -0.709895
vn -0.904149 -0.024196 -0.426533
vn -0.923994 0.013563 -0.382167
vn 0.888060 -0.066731 -0.454859
vn 0.903568 -0.013277 -0.428238
vn 0.000894 0.214411 -0.976743
vn 0.675882 0.209696 -0.706549
vn -0.687559 0.217575 -0.692765
vn -0.916713 0.189254 -0.351880
vn 0.899880 0.171677 -0.400927
vn 0.001867 0.421634 -0.906764
vn 0.626863 0.409294 -0.662964
vn -0.633641 0.424197 -0.646959
vn -0.869740 0.374869 -0.320976
vn 0.860266 0.347284 -0.373277
vn 0.003380 0.606096 -0.795384
vn 0.544782 0.594698 -0.591225
vn -0.547586 0.612908 -0.569643
vn -0.790036 0.551611 -0.267522
vn 0.788770 0.516739 -0.332901
vn 0.008432 0.748695 -0.662861
vn 0.427427 0.756638 -0.494777
vn -0.455246 0.760029 -0.463796
vn -0.681783 0.708037 -0.183997
vn 0.684098 0.673893 -0.279067
vn 0.032824 0.843850 -0.535575
vn 0.300763 0.868227 -0.394619
vn -0.324164 0.875664 -0.357952
vn -0.472763 0.877363 -0.082031
vn 0.544067 0.813856 -0.204035
vn 0.063705 0.912361 -0.404400
vn 0.217560 0.925170 -0.311012
vn -0.146962 0.953517 -0.263074
vn -0.233953 0.971610 -0.035204
vn 0.385948 0.917615 -0.095013
vn 0.032825 0.993900 -0.105290
vn 0.413463 -0.346149 0.842157
vn 0.233660 -0.370869 0.898810
vn 0.239135 -0.103520 0.965452
vn 0.397280 -0.094893 0.912778
vn -0.000001 -0.378085 0.925771
vn -0.000002 -0.097817 0.995204
vn 0.554099 -0.334430 0.762319
vn 0.539176 -0.066827 0.839538
vn 0.583751 -0.796825 -0.155900
vn 0.984023 0.036388 0.174285
vn 0.853444 -0.221232 -0.471900
vn 0.824320 -0.336973 -0.454913
vn 0.628025 -0.386753 -0.675283
vn 0.663421 -0.256231 -0.703007
vn 0.874854 -0.083487 -0.477137
vn 0.689497 -0.105554 -0.716556
vn 0.783831 -0.444685 -0.433434
vn 0.591854 -0.494589 -0.636468
vn 0.714392 -0.571542 -0.403712
vn 0.532263 -0.608829 -0.588237
vn 0.440551 -0.851620 -0.284003
vn 0.299390 -0.820802 -0.486467
vn 0.321171 0.270106 0.907685
vn 0.549525 0.275847 0.788626
vn 0.931546 0.296928 0.209893
vn 0.192836 0.214930 0.957402
vn -0.000003 0.212875 0.977079
vn 0.175097 0.615317 0.768587
vn 0.435272 0.650732 0.622162
vn 0.652879 0.744881 0.137480
vn 0.112029 0.498274 0.859751
vn -0.000003 0.494236 0.869328
vn -0.000003 0.545738 0.837956
vn 0.036391 0.566671 0.823140
vn 0.049635 0.605128 0.794579
vn 0.128099 0.602248 0.787965
vn 0.173237 0.723716 0.668000
vn 0.368104 0.473470 0.800204
vn 0.309467 0.713204 0.628944
vn 0.509597 0.283496 0.812367
vn 0.438639 0.638093 0.632798
vn 0.283220 0.877944 0.386006
vn 0.381091 0.838058 0.390420
vn 0.305667 0.950792 0.050627
vn 0.260301 0.962426 0.077331
vn 0.276092 0.850468 0.447748
vn 0.319023 0.941601 0.107759
vn 0.000003 0.488492 -0.872568
vn 0.038172 0.717237 -0.695783
vn -0.068799 0.373010 -0.925273
vn 0.000002 0.376621 -0.926368
vn 0.059287 0.762590 -0.644160
vn 0.013132 0.338697 -0.940804
vn 0.188143 0.696077 -0.692878
vn 0.199073 0.261589 -0.944426
vn -0.044855 0.036544 -0.998325
vn 0.000000 0.088240 -0.996099
vn 0.181458 -0.025996 -0.983055
vn 0.377328 -0.048098 -0.924830
vn 0.512882 0.242033 0.823633
vn 0.454834 0.083598 0.886644
vn 0.674429 0.113975 0.729490
vn 0.443108 0.274635 0.853365
vn 0.643153 -0.035127 0.764931
vn 0.723000 -0.018232 0.690607
vn 0.905520 -0.072763 0.418019
vn 0.715143 -0.015850 0.698798
vn 0.883356 -0.070539 0.463364
vn 0.568335 -0.015671 0.822648
vn 0.663510 -0.070335 0.744854
vn 0.355503 0.041506 0.933753
vn 0.409024 -0.011131 0.912456
vn 0.192531 0.158543 0.968399
vn 0.143274 0.210505 0.967037
vn 0.207911 0.265267 0.941491
vn 0.114470 0.417902 0.901251
vn -0.013410 0.425769 0.904733
vn -0.000003 0.412908 0.910773
vn -0.000002 0.279635 0.960106
vn -0.000791 0.275209 0.961384
vn -0.000000 0.069009 0.997616
vn 0.054833 0.075860 0.995610
vn 0.071271 0.248626 0.965974
vn 0.210851 0.044289 0.976515
vn 0.003392 0.433831 0.900988
vn 0.604685 -0.219924 -0.765500
vn 0.447882 -0.281153 -0.848737
vn 0.842189 -0.372282 -0.390029
vn 0.728898 -0.305210 -0.612825
vn 0.985571 -0.163931 -0.042149
vn 0.858595 -0.422727 0.290030
vn 0.364040 -0.120456 -0.923561
vn 0.452851 -0.342094 -0.823346
vn 0.550357 0.529796 0.645309
vn 0.520559 0.752552 0.403341
vn 0.847972 -0.490069 -0.201929
vn -0.075160 -0.935924 0.344090
vn 0.227993 -0.662462 0.713557
vn 0.496608 -0.226250 0.837969
vn 0.551351 0.166143 0.817563
vn 0.470616 0.882278 0.010287
vn 0.320602 -0.915009 -0.244894
vn 0.270596 0.108419 -0.956568
vn 0.255591 0.578101 -0.774902
vn 0.200054 -0.327347 -0.923484
vn 0.019985 -0.173627 -0.984609
vn 0.000000 -0.227389 -0.973804
vn 0.000000 -0.099839 -0.995004
vn 0.078407 -0.101739 0.991717
vn 0.264239 -0.095371 0.959730
vn 0.478239 -0.087495 0.873861
vn -0.000000 -0.110688 0.993855
vn 0.048976 -0.047571 0.997666
vn 0.231652 -0.036178 0.972126
vn 0.437910 -0.009596 0.898968
vn -0.000000 -0.038516 0.999258
vn 0.763665 -0.014074 0.645459
vn 0.749303 -0.077398 0.657688
vn 0.999982 -0.005007 0.003286
vn 0.995813 -0.084482 0.034910
vn 0.879555 0.018148 -0.475451
vn 0.904806 -0.093208 -0.415497
vn 0.671058 0.014936 -0.741255
vn 0.749905 -0.129615 -0.648724
vn 0.326023 -0.208858 -0.922002
vn 0.000000 -0.246556 -0.969129
vn 0.302592 -0.036859 -0.952407
vn -0.000000 -0.081646 -0.996661
vn 0.913448 -0.237004 -0.330819
vn 0.024418 -0.134700 0.990586
vn -0.007521 -0.133952 0.990959
vn -0.093359 -0.480180 0.872188
vn -0.078095 -0.494881 0.865445
vn 0.234004 -0.105347 0.966511
vn 0.061063 -0.388985 0.919218
vn 0.000000 -0.131557 0.991309
vn -0.000000 -0.465906 0.884834
vn 0.016202 0.024454 0.999570
vn 0.000000 0.019793 0.999804
vn 0.000000 -0.037157 0.999310
vn 0.006754 -0.034685 0.999376
vn 0.390919 0.027293 0.920021
vn 0.148083 0.034187 0.988384
vn 0.076111 -0.032689 0.996563
vn 0.360213 -0.043722 0.931845
vn -0.187704 -0.838185 0.512068
vn -0.278066 -0.770170 0.574036
vn -0.598282 -0.303357 0.741642
vn 0.000000 -0.836341 0.548210
vn -0.481441 -0.814551 0.323607
vn -0.190546 -0.932380 0.307180
vn -0.190416 -0.931702 -0.309311
vn -0.238295 -0.859279 -0.452610
vn -0.907551 -0.362817 0.211461
vn -0.740120 -0.408502 -0.534180
vn -0.000000 -0.932375 0.361492
vn 0.000000 -0.957072 -0.289851
vn -0.084517 -0.312133 -0.946272
vn -0.030546 -0.354719 -0.934474
vn -0.179809 0.026963 -0.983332
vn -0.000000 -0.258715 -0.965954
vn -0.025678 0.223752 -0.974308
vn 0.041500 0.151946 -0.987517
vn 0.089447 0.201160 -0.975466
vn -0.000000 0.200202 -0.979755
vn 0.042599 0.370365 -0.927909
vn 0.167738 0.397378 -0.902194
vn 0.300413 0.435517 -0.848574
vn -0.000000 0.344177 -0.938905
vn 0.139120 0.275432 -0.951201
vn 0.309484 0.345894 -0.885763
vn 0.552493 0.373577 -0.745112
vn 0.000000 0.254864 -0.966977
vn 0.546463 0.110770 -0.830126
vn 0.236057 0.073604 -0.968948
vn 0.814739 0.092729 -0.572366
vn 0.000000 0.050130 -0.998743
vn -0.003080 -0.053066 0.998586
vn 0.449729 -0.072671 0.890204
vn 0.712701 0.120150 0.691101
vn 0.756161 0.009181 0.654321
vn 0.792570 0.465756 -0.393578
vn 0.903019 0.236292 -0.358781
vn 0.406252 0.192862 -0.893176
vn 0.377974 0.393709 -0.837931
vn 0.547545 -0.051536 0.835188
vn 0.574396 -0.032304 0.817940
vn 0.683696 0.024597 0.729352
vn 0.934728 0.095560 0.342276
vn 0.945486 0.070636 0.317911
vn 0.730355 -0.022823 0.682687
vn 0.809208 0.009003 0.587453
vn 0.937899 0.029122 0.345683
vn 0.998542 0.033458 -0.042351
vn 0.591557 0.486819 -0.642703
vn 0.977360 0.143374 -0.155599
vn 0.977485 0.103046 0.184131
vn 0.967208 0.199532 -0.157150
vn 0.880778 0.292874 -0.372095
vn 0.949705 0.313106 -0.004994
vn 0.960249 0.263163 -0.093096
vn 0.755888 0.349983 -0.553304
vn 0.927176 0.143274 0.346147
vn 0.981206 0.185090 0.054564
vn 0.828237 0.419079 -0.372017
vn 0.901473 0.109092 -0.418862
vn 0.253778 -0.329049 0.909573
vn 0.533441 -0.000618 0.845837
vn 0.072740 -0.275261 -0.958614
vn -0.355694 -0.694916 -0.624959
vn 0.656774 0.321832 0.681962
vn 0.700422 0.569821 0.429783
vn -0.655667 -0.737668 0.161078
vn -0.601764 -0.648508 0.466173
vn -0.332592 -0.597545 0.729604
vn 0.689553 0.724234 -0.001376
vn 0.283114 0.357180 -0.890095
vn 0.169612 -0.070254 -0.983004
vn 0.905028 0.144893 0.399914
vn 0.990037 0.117121 0.078165
vn -0.990012 -0.140414 0.012644
vn -0.822124 -0.148442 0.549616
vn -0.338753 -0.018031 -0.940703
vn -0.823317 -0.050341 -0.565344
vn 0.461940 0.058819 0.884959
vn 0.432763 0.022829 -0.901219
vn -0.331402 -0.110580 0.936987
vn 0.923158 0.069466 -0.378092
vn 0.488450 -0.107833 -0.865903
vn -0.348594 -0.066802 -0.934890
vn -0.375810 -0.189502 0.907114
vn 0.379136 -0.056279 0.923628
vn -0.829061 -0.036877 -0.557941
vn 0.906764 0.119814 0.404257
vn 0.992990 0.092535 0.073544
vn -0.994437 -0.089756 -0.055133
vn -0.837151 -0.163945 0.521824
vn 0.930925 -0.006360 -0.365155
vn 0.352822 0.858060 -0.373161
vn 0.550720 0.671403 -0.495909
vn 0.256366 0.912843 -0.317798
vn 0.208344 0.953750 -0.216687
vn 0.220114 0.938098 -0.267438
vn 0.462533 0.697702 -0.547060
vn 0.719431 0.252007 -0.647234
vn 0.829133 -0.004890 -0.559030
vn 0.000002 0.211559 -0.977365
vn 0.000001 -0.114500 -0.993423
vn 0.287697 -0.875450 -0.388353
vn 0.000000 -0.826890 -0.562364
vn 0.000000 -0.788543 -0.614980
vn 0.000000 -0.589354 -0.807875
vn 0.000000 -0.514093 -0.857734
vn 0.000000 -0.423144 -0.906063
vn 0.000000 -0.285654 -0.958333
vn 0.002164 -0.129314 -0.991601
vn -0.413463 -0.346149 0.842157
vn -0.397281 -0.094895 0.912777
vn -0.239137 -0.103520 0.965452
vn -0.233658 -0.370864 0.898812
vn -0.554101 -0.334434 0.762316
vn -0.539179 -0.066831 0.839536
vn -0.583748 -0.796827 -0.155902
vn -0.984023 0.036389 0.174285
vn -0.853443 -0.221231 -0.471902
vn -0.663420 -0.256231 -0.703007
vn -0.628024 -0.386753 -0.675284
vn -0.824319 -0.336974 -0.454914
vn -0.697657 -0.094793 -0.710133
vn -0.879937 -0.059186 -0.471390
vn -0.591853 -0.494588 -0.636469
vn -0.783830 -0.444684 -0.433436
vn -0.532263 -0.608829 -0.588237
vn -0.714392 -0.571542 -0.403713
vn -0.299390 -0.820802 -0.486467
vn -0.440550 -0.851620 -0.284006
vn -0.549531 0.275844 0.788623
vn -0.321176 0.270105 0.907684
vn -0.931545 0.296929 0.209897
vn -0.192842 0.214929 0.957401
vn -0.435275 0.650731 0.622161
vn -0.175103 0.615317 0.768586
vn -0.652881 0.744879 0.137481
vn -0.112035 0.498273 0.859751
vn -0.036396 0.566670 0.823141
vn -0.173241 0.723716 0.667999
vn -0.128104 0.602250 0.787962
vn -0.049640 0.605129 0.794578
vn -0.309466 0.713206 0.628942
vn -0.368103 0.473474 0.800202
vn -0.438635 0.638098 0.632796
vn -0.509593 0.283500 0.812369
vn -0.283221 0.877947 0.385999
vn -0.260302 0.962426 0.077328
vn -0.305665 0.950792 0.050630
vn -0.381087 0.838062 0.390415
vn -0.276095 0.850467 0.447747
vn -0.319026 0.941601 0.107755
vn 0.068806 0.373006 -0.925274
vn -0.038163 0.717239 -0.695781
vn -0.013120 0.338692 -0.940806
vn -0.059282 0.762589 -0.644161
vn -0.199069 0.261584 -0.944428
vn -0.188145 0.696074 -0.692879
vn 0.044857 0.036542 -0.998325
vn -0.181452 -0.025999 -0.983056
vn -0.377323 -0.048105 -0.924832
vn -0.512882 0.242037 0.823632
vn -0.674428 0.113977 0.729491
vn -0.454835 0.083601 0.886643
vn -0.443108 0.274639 0.853363
vn -0.643150 -0.035126 0.764934
vn -0.905519 -0.072764 0.418020
vn -0.722999 -0.018232 0.690609
vn -0.715143 -0.015848 0.698799
vn -0.883356 -0.070538 0.463364
vn -0.568333 -0.015669 0.822649
vn -0.663510 -0.070334 0.744854
vn -0.355504 0.041508 0.933753
vn -0.409024 -0.011130 0.912456
vn -0.192533 0.158546 0.968398
vn -0.143275 0.210508 0.967036
vn -0.207914 0.265271 0.941490
vn -0.114474 0.417907 0.901249
vn 0.013406 0.425770 0.904732
vn 0.000789 0.275210 0.961384
vn -0.054834 0.075861 0.995610
vn -0.210851 0.044290 0.976514
vn -0.071272 0.248628 0.965973
vn -0.003395 0.433834 0.900986
vn -0.447881 -0.281154 -0.848737
vn -0.604682 -0.219928 -0.765501
vn -0.728898 -0.305211 -0.612824
vn -0.842190 -0.372283 -0.390028
vn -0.858593 -0.422729 0.290032
vn -0.985571 -0.163931 -0.042148
vn -0.452848 -0.342103 -0.823343
vn -0.364041 -0.120463 -0.923560
vn -0.520554 0.752555 0.403341
vn -0.550352 0.529800 0.645310
vn -0.227990 -0.662462 0.713558
vn 0.075159 -0.935925 0.344088
vn -0.847972 -0.490069 -0.201930
vn -0.496604 -0.226248 0.837972
vn -0.551347 0.166147 0.817564
vn -0.470613 0.882280 0.010290
vn -0.320604 -0.915009 -0.244891
vn -0.270601 0.108418 -0.956567
vn -0.255595 0.578098 -0.774903
vn -0.019984 -0.173626 -0.984609
vn -0.200054 -0.327348 -0.923483
vn -0.264239 -0.095371 0.959730
vn -0.078407 -0.101739 0.991717
vn -0.478239 -0.087495 0.873861
vn -0.231652 -0.036178 0.972126
vn -0.048977 -0.047571 0.997666
vn -0.437910 -0.009596 0.898968
vn -0.749303 -0.077397 0.657689
vn -0.763665 -0.014074 0.645459
vn -0.995813 -0.084482 0.034910
vn -0.999982 -0.005007 0.003286
vn -0.904806 -0.093209 -0.415497
vn -0.879555 0.018148 -0.475451
vn -0.749904 -0.129616 -0.648724
vn -0.671057 0.014936 -0.741255
vn -0.326024 -0.208859 -0.922001
vn -0.302592 -0.036859 -0.952407
vn -0.913449 -0.237004 -0.330818
vn -0.024418 -0.134700 0.990586
vn 0.078095 -0.494881 0.865444
vn 0.093359 -0.480180 0.872188
vn 0.007521 -0.133952 0.990959
vn -0.234004 -0.105348 0.966511
vn -0.061063 -0.388985 0.919218
vn -0.016202 0.024454 0.999570
vn -0.006753 -0.034685 0.999375
vn -0.390919 0.027293 0.920021
vn -0.360214 -0.043722 0.931845
vn -0.076111 -0.032689 0.996563
vn -0.148083 0.034187 0.988384
vn 0.278066 -0.770170 0.574036
vn 0.187704 -0.838185 0.512068
vn 0.598282 -0.303358 0.741642
vn 0.481441 -0.814551 0.323608
vn 0.238295 -0.859279 -0.452610
vn 0.190416 -0.931702 -0.309311
vn 0.190546 -0.932380 0.307181
vn 0.907551 -0.362817 0.211462
vn 0.740120 -0.408503 -0.534180
vn 0.030546 -0.354718 -0.934474
vn 0.084517 -0.312133 -0.946272
vn 0.179809 0.026963 -0.983332
vn -0.041500 0.151946 -0.987517
vn 0.025678 0.223752 -0.974308
vn -0.089447 0.201160 -0.975466
vn -0.167738 0.397378 -0.902194
vn -0.042599 0.370365 -0.927909
vn -0.300413 0.435517 -0.848573
vn -0.309484 0.345894 -0.885764
vn -0.139120 0.275432 -0.951201
vn -0.552493 0.373577 -0.745112
vn -0.546462 0.110770 -0.830126
vn -0.236057 0.073604 -0.968948
vn -0.814738 0.092729 -0.572366
vn -0.449729 -0.072671 0.890204
vn 0.003080 -0.053066 0.998586
vn -0.756161 0.009181 0.654321
vn -0.712701 0.120150 0.691101
vn -0.792570 0.465756 -0.393578
vn -0.377974 0.393709 -0.837931
vn -0.406252 0.192862 -0.893176
vn -0.903019 0.236292 -0.358781
vn -0.547545 -0.051536 0.835188
vn -0.574396 -0.032304 0.817940
vn -0.683696 0.024597 0.729352
vn -0.934728 0.095560 0.342276
vn -0.730355 -0.022823 0.682687
vn -0.945486 0.070636 0.317911
vn -0.809208 0.009003 0.587453
vn -0.937899 0.029122 0.345684
vn -0.998542 0.033458 -0.042351
vn -0.591558 0.486819 -0.642703
vn -0.977360 0.143374 -0.155599
vn -0.880778 0.292874 -0.372095
vn -0.967208 0.199532 -0.157150
vn -0.977485 0.103046 0.184130
vn -0.960249 0.263163 -0.093096
vn -0.949705 0.313106 -0.004994
vn -0.755888 0.349983 -0.553304
vn -0.981206 0.185090 0.054564
vn -0.927176 0.143274 0.346147
vn -0.828236 0.419079 -0.372017
vn -0.901473 0.109092 -0.418862
vn -0.533439 -0.000617 0.845838
vn -0.253777 -0.329048 0.909574
vn 0.355687 -0.694920 -0.624958
vn -0.072742 -0.275271 -0.958611
vn -0.700419 0.569823 0.429786
vn -0.656770 0.321834 0.681964
vn 0.655665 -0.737669 0.161081
vn 0.601764 -0.648509 0.466173
vn 0.332590 -0.597545 0.729605
vn -0.689551 0.724236 -0.001372
vn -0.169623 -0.070254 -0.983002
vn -0.283120 0.357180 -0.890093
vn -0.990037 0.117121 0.078165
vn -0.905028 0.144893 0.399914
vn 0.822124 -0.148442 0.549616
vn 0.990012 -0.140414 0.012644
vn 0.823318 -0.050341 -0.565344
vn 0.338753 -0.018031 -0.940703
vn -0.461940 0.058819 0.884959
vn -0.432763 0.022829 -0.901219
vn 0.331402 -0.110580 0.936987
vn -0.923158 0.069466 -0.378092
vn 0.348594 -0.066802 -0.934890
vn -0.488450 -0.107833 -0.865903
vn -0.379136 -0.056279 0.923628
vn 0.375810 -0.189502 0.907114
vn 0.829061 -0.036877 -0.557940
vn -0.992990 0.092535 0.073544
vn -0.906764 0.119813 0.404257
vn 0.994437 -0.089756 -0.055133
vn 0.837151 -0.163945 0.521824
vn -0.930925 -0.006360 -0.365155
vn -0.550720 0.671403 -0.495909
vn -0.352822 0.858061 -0.373160
vn -0.256367 0.912842 -0.317797
vn -0.208345 0.953750 -0.216686
vn -0.220111 0.938099 -0.267436
vn -0.462526 0.697707 -0.547059
vn -0.719427 0.252012 -0.647236
vn -0.829132 -0.004886 -0.559031
vn -0.287696 -0.875450 -0.388353
vn -0.826403 -0.272939 -0.492506
vn -0.826403 -0.272939 -0.492506
vn -0.826403 -0.272939 -0.492506
vn -0.826403 -0.272939 -0.492506
vn -0.826403 -0.272939 -0.492506
vn -0.826403 -0.272939 -0.492506
vn -0.826403 -0.272939 -0.492506
vn -0.826403 -0.272939 -0.492506
vn -0.826403 -0.272939 -0.492506
vn -0.826403 -0.272939 -0.492506
vn -0.826403 -0.272939 -0.492506
vn -0.826403 -0.272939 -0.492506
vn -0.826403 -0.272939 -0.492506
vn 0.826402 -0.272938 -0.492509
vn 0.826402 -0.272938 -0.492509
vn 0.826402 -0.272938 -0.492509
vn 0.826402 -0.272938 -0.492509
vn 0.826402 -0.272938 -0.492509
vn 0.826402 -0.272938 -0.492509
vn 0.826402 -0.272938 -0.492509
vn 0.826402 -0.272938 -0.492509
vn 0.826402 -0.272938 -0.492509
vn 0.826402 -0.272938 -0.492509
vn 0.826402 -0.272938 -0.492509
vn 0.826402 -0.272938 -0.492509
vn 0.826402 -0.272938 -0.492509
vn -0.145159 -0.989321 -0.013156
vn -0.145159 -0.989321 -0.013156
vn -0.145159 -0.989321 -0.013156
vn -0.145159 -0.989321 -0.013156
vn -0.145159 -0.989321 -0.013156
vn -0.145159 -0.989321 -0.013156
vn -0.145159 -0.989321 -0.013156
vn -0.145159 -0.989321 -0.013156
vn -0.145159 -0.989321 -0.013156
vn -0.145159 -0.989321 -0.013156
vn 0.145159 -0.989321 -0.013156
vn 0.145159 -0.989321 -0.013156
vn 0.145159 -0.989321 -0.013156
vn 0.145159 -0.989321 -0.013156
vn 0.145159 -0.989321 -0.013156
vn 0.145159 -0.989321 -0.013156
vn 0.145159 -0.989321 -0.013156
vn 0.145159 -0.989321 -0.013156
vn 0.145159 -0.989321 -0.013156
vn 0.145159 -0.989321 -0.013156
s 1
g pSphere2
usemtl blinn1SG
f 436/525/436 437/526/437 442/527/438 441/528/439
f 437/526/437 438/529/440 443/530/441 442/527/438
f 438/529/440 439/531/442 444/532/443 443/530/441
f 440/533/444 436/525/436 441/528/439 445/534/445
f 441/528/439 442/527/438 447/535/446 446/536/447
f 442/527/438 443/530/441 448/537/448 447/535/446
f 443/530/441 444/532/443 449/538/449 448/537/448
f 445/534/445 441/528/439 446/536/447 450/539/450
f 446/536/447 447/535/446 452/540/451 451/541/452
f 447/535/446 448/537/448 453/542/453 452/540/451
f 448/537/448 449/538/449 454/543/454 453/542/453
f 450/539/450 446/536/447 451/541/452 455/544/455
f 451/541/452 452/540/451 457/545/456 456/546/457
f 452/540/451 453/542/453 458/547/458 457/545/456
f 453/542/453 454/543/454 459/548/459 458/547/458
f 455/544/455 451/541/452 456/546/457 460/549/460
f 456/546/457 457/545/456 462/550/461 461/551/462
f 457/545/456 458/547/458 463/552/463 462/550/461
f 458/547/458 459/548/459 464/553/464 463/552/463
f 460/549/460 456/546/457 461/551/462 465/554/465
f 461/551/462 462/550/461 467/555/466 466/556/467
f 462/550/461 463/552/463 468/557/468 467/555/466
f 463/552/463 464/553/464 469/558/469 468/557/468
f 465/554/465 461/551/462 466/556/467 470/559/470
f 466/556/467 467/555/466 472/560/471 471/561/472
f 467/555/466 468/557/468 473/562/473 472/560/471
f 468/557/468 469/558/469 474/563/474 473/562/473
f 470/559/470 466/556/467 471/561/472 475/564/475
f 471/561/472 472/560/471 476/565/476
f 472/560/471 473/562/473 476/565/476
f 473/562/473 474/563/474 476/565/476
f 475/564/475 471/561/472 476/565/476
f 484/566/477 483/567/478 492/568/479 493/569/480
f 483/567/478 477/570/481 491/571/482 492/568/479
f 485/572/483 484/566/477 493/569/480 494/573/484
f 486/1131/485 485/572/483 494/573/484 495/1130/486
f 481/576/487 478/577/488 498/578/489 500/579/490
f 440/533/444 482/580/491 501/581/492 436/525/436
f 478/577/488 479/582/493 499/583/494 498/578/489
f 482/580/491 481/576/487 500/579/490 501/581/492
f 479/582/493 480/584/495 487/585/496 499/583/494
f 480/584/495 506/586/497 507/587/498 487/585/496
f 494/573/484 493/569/480 511/588/499 512/589/500
f 495/1130/486 494/573/484 512/589/500 513/1129/501
f 493/569/480 492/568/479 510/591/502 511/588/499
f 492/568/479 491/571/482 509/592/503 510/591/502
f 512/589/500 511/588/499 518/593/504 519/594/505
f 513/1129/501 512/589/500 519/594/505 520/1128/506
f 511/588/499 510/591/502 517/596/507 518/593/504
f 510/591/502 509/592/503 516/597/508 517/596/507
f 517/596/507 516/597/508 522/598/509 523/599/510
f 518/593/504 530/600/511 525/601/512 524/602/513
f 524/602/513 525/601/512 527/603/514 526/604/515
f 526/604/515 527/603/514 529/605/516 528/606/517
f 517/596/507 523/599/510 530/600/511 518/593/504
f 535/607/518 536/608/519 532/1124/520 531/1126/521
f 526/604/515 528/606/517 536/608/519 535/607/518
f 519/594/505 518/593/504 524/602/513 537/611/522
f 520/1128/506 519/594/505 537/611/522 538/1127/523
f 524/602/513 526/604/515 535/607/518 537/611/522
f 531/1126/521 538/1127/523 537/611/522 535/607/518
f 540/613/524 543/614/525 547/615/526 544/616/527
f 543/614/525 542/617/528 546/618/529 547/615/526
f 542/617/528 541/619/530 545/620/531 546/618/529
f 544/616/527 547/615/526 551/621/532 548/622/533
f 547/615/526 546/618/529 550/623/534 551/621/532
f 546/618/529 545/620/531 549/624/535 550/623/534
f 567/625/536 566/626/537 552/627/538
f 568/628/539 567/625/536 552/627/538 553/629/540
f 553/629/540 552/627/538 554/630/541 555/631/542
f 552/627/538 566/626/537 554/630/541
f 554/630/541 566/626/537 556/632/543
f 555/631/542 554/630/541 556/632/543 557/633/544
f 556/632/543 566/626/537 558/634/545
f 557/633/544 556/632/543 558/634/545 559/635/546
f 558/634/545 566/626/537 560/636/547
f 559/635/546 558/634/545 560/636/547 561/637/548
f 560/636/547 566/626/537 562/638/549
f 561/637/548 560/636/547 562/638/549 563/639/550
f 562/638/549 566/626/537 564/640/551
f 563/639/550 562/638/549 564/640/551 565/641/552
f 564/640/551 566/626/537 567/625/536
f 565/641/552 564/640/551 567/625/536 568/628/539
f 577/642/553 571/643/554 570/644/555 575/645/556
f 575/645/556 570/644/555 569/646/557 576/647/558
f 563/639/550 572/648/559 574/649/560 561/637/548
f 565/641/552 573/650/561 572/648/559 563/639/550
f 529/605/516 527/603/514 568/628/539 553/629/540
f 527/603/514 525/601/512 565/641/552 568/628/539
f 525/601/512 530/600/511 573/650/561 565/641/552
f 572/648/559 575/645/556 576/647/558 574/649/560
f 573/650/561 577/642/553 575/645/556 572/648/559
f 530/600/511 523/599/510 577/642/553 573/650/561
f 523/599/510 522/598/509 571/643/554 577/642/553
f 550/623/534 549/624/535 578/651/562 579/652/563
f 579/652/563 578/651/562 580/653/564 581/654/565
f 555/631/542 585/1123/566 584/1125/567 553/629/540
f 578/651/562 549/624/535 593/657/568 595/658/569
f 536/608/519 528/606/517 586/659/570 590/660/571
f 584/656/567 582/661/572 597/662/573 598/663/574
f 553/629/540 584/1125/567 598/1115/574 594/664/575
f 529/605/516 553/629/540 594/664/575 587/665/576
f 532/1124/520 536/608/519 590/660/571 588/1113/577
f 580/653/564 578/651/562 595/658/569 596/667/578
f 549/624/535 545/620/531 592/668/579 593/657/568
f 545/620/531 541/619/530 591/669/580 592/668/579
f 528/606/517 529/605/516 587/665/576 586/659/570
f 582/661/572 580/653/564 596/667/578 597/662/573
f 579/652/563 581/654/565 600/670/581 599/671/582
f 599/671/582 600/670/581 602/672/583 601/673/584
f 551/621/532 599/671/582 601/673/584 548/622/533
f 550/623/534 579/652/563 599/671/582 551/621/532
f 574/649/560 576/647/558 606/674/585 605/675/586
f 561/637/548 574/649/560 605/675/586 603/676/587
f 576/647/558 569/646/557 604/677/588 606/674/585
f 605/675/586 606/674/585 610/678/589 609/679/590
f 603/676/587 605/675/586 609/679/590 607/680/591
f 606/674/585 604/677/588 608/681/592 610/678/589
f 603/676/587 607/680/591 612/682/593 611/683/594
f 611/683/594 612/682/593 614/684/595 613/1122/596
f 613/685/596 614/1117/595 616/686/597 615/687/598
f 615/687/598 616/686/597 618/688/599 617/689/600
f 600/670/581 619/690/601 621/691/602 602/672/583
f 619/690/601 620/692/603 622/693/604 621/691/602
f 561/637/548 603/676/587 611/683/594 559/635/546
f 559/635/546 611/683/594 613/1122/596 557/633/544
f 557/633/544 613/1122/596 585/1123/566 555/631/542
f 582/661/572 584/656/567 585/655/566 583/694/605
f 617/689/600 618/688/599 620/692/603 619/690/601
f 580/653/564 582/661/572 583/694/605 581/654/565
f 600/670/581 581/654/565 617/689/600 619/690/601
f 615/687/598 617/689/600 581/654/565 583/694/605
f 585/655/566 613/685/596 615/687/598 583/694/605
f 637/695/606 635/696/607 626/697/608 625/698/609
f 638/699/610 637/695/606 625/698/609 623/700/611
f 635/696/607 636/701/612 624/702/613 626/697/608
f 633/703/614 634/704/615 630/705/616 627/706/617
f 632/707/618 631/708/619 628/709/620 629/710/621
f 631/708/619 633/703/614 627/706/617 628/709/620
f 609/679/590 610/678/589 633/703/614 631/708/619
f 607/680/591 609/679/590 631/708/619 632/707/618
f 610/678/589 608/681/592 634/704/615 633/703/614
f 627/706/617 630/705/616 636/701/612 635/696/607
f 629/710/621 628/709/620 637/695/606 638/699/610
f 628/709/620 627/706/617 635/696/607 637/695/606
f 625/698/609 626/697/608 642/711/622 641/712/623
f 623/700/611 625/698/609 641/712/623 639/713/624
f 626/697/608 624/702/613 640/714/625 642/711/622
f 686/1142/626 685/1141/627 646/717/628 645/718/629
f 687/719/630 686/1142/626 645/718/629 643/720/631
f 685/1141/627 688/1135/632 644/722/633 646/717/628
f 645/718/629 646/717/628 650/723/634 649/724/635
f 643/720/631 645/718/629 649/724/635 647/725/636
f 646/717/628 644/722/633 648/726/637 650/723/634
f 649/724/635 650/723/634 654/727/638 653/728/639
f 647/725/636 649/724/635 653/728/639 651/729/640
f 650/723/634 648/726/637 652/730/641 654/727/638
f 653/728/639 654/727/638 658/731/642 657/732/643
f 651/729/640 653/728/639 657/732/643 655/733/644
f 654/727/638 652/730/641 656/734/645 658/731/642
f 657/732/643 658/731/642 662/735/646 661/736/647
f 655/733/644 657/732/643 661/736/647 659/737/648
f 658/731/642 656/734/645 660/738/649 662/735/646
f 682/739/650 680/740/651 620/692/603 618/688/599
f 683/741/652 682/739/650 618/688/599 616/686/597
f 680/740/651 684/742/653 622/693/604 620/692/603
f 623/700/611 639/713/624 664/743/654 663/744/655
f 663/744/655 664/743/654 695/745/656 698/1121/657
f 669/747/658 670/748/659 696/749/660 693/750/661
f 623/700/611 663/744/655 673/751/662 638/699/610
f 638/699/610 673/751/662 672/752/663 629/710/621
f 629/710/621 672/752/663 671/753/664 632/707/618
f 612/682/593 607/680/591 632/707/618 671/753/664
f 665/754/665 676/755/666 694/756/667 698/746/657
f 673/751/662 694/1120/667 697/1119/668 672/752/663
f 672/752/663 697/1119/668 699/1118/669 671/753/664
f 614/684/595 612/682/593 671/753/664 699/1118/669 689/1116/670
f 655/733/644 691/760/671 693/750/661 651/729/640
f 674/761/672 675/762/673 667/763/674 668/764/675
f 676/755/666 665/754/665 679/765/676 681/766/677
f 659/737/648 692/767/678 691/760/671 655/733/644
f 675/762/673 676/755/666 681/766/677 667/763/674
f 665/754/665 666/768/679 678/769/680 679/765/676
f 662/735/646 660/738/649 684/742/653 680/740/651
f 669/747/658 679/765/676 678/769/680 670/748/659
f 669/747/658 677/770/681 681/766/677 679/765/676
f 667/763/674 681/766/677 677/770/681 668/764/675
f 659/737/648 661/736/647 682/739/650 683/741/652
f 661/736/647 662/735/646 680/740/651 682/739/650
f 616/686/597 614/1117/595 689/759/670 690/771/682 683/741/652
f 683/741/652 690/771/682 692/767/678 659/737/648
f 642/711/622 640/714/625 688/721/632 685/716/627
f 639/713/624 641/712/623 686/715/626 687/1140/630
f 641/712/623 642/711/622 685/716/627 686/715/626
f 691/760/671 692/767/678 668/764/675 677/770/681
f 692/767/678 690/771/682 674/761/672 668/764/675
f 698/1121/657 694/1120/667 673/751/662 663/744/655
f 699/758/669 674/761/672 690/771/682 689/759/670
f 697/757/668 694/756/667 676/755/666 675/762/673
f 699/758/669 697/757/668 675/762/673 674/761/672
f 698/746/657 695/1111/656 666/768/679 665/754/665
f 693/750/661 691/760/671 677/770/681 669/747/658
f 693/750/661 696/749/660 647/725/636 651/729/640
f 587/665/576 594/664/575 708/772/683 701/1084/684
f 595/658/569 593/657/568 707/774/685 709/1083/686
f 590/660/571 586/659/570 700/776/687 704/1080/688
f 586/659/570 587/665/576 701/1084/684 700/776/687
f 596/667/578 595/658/569 709/1083/686 710/1082/689
f 597/662/573 596/667/578 710/1082/689 711/1081/690
f 598/663/574 597/662/573 711/1081/690 712/1078/691
f 588/1113/577 590/660/571 704/1080/688 702/1064/692
f 594/664/575 598/1115/574 712/1114/691 708/772/683
f 592/668/579 591/669/580 705/782/693 706/1076/694
f 593/657/568 592/668/579 706/1076/694 707/774/685
f 678/769/680 666/768/679 717/784/695 719/785/696
f 639/713/624 687/1140/630 720/1139/697 713/787/698
f 643/720/631 647/725/636 715/788/699 714/789/700
f 687/719/630 643/720/631 714/789/700 720/786/697
f 666/768/679 695/1111/656 721/1110/701 717/784/695
f 647/725/636 696/749/660 722/791/702 715/788/699
f 664/743/654 639/713/624 713/787/698 716/792/703
f 695/745/656 664/743/654 716/792/703 721/790/701
f 670/748/659 678/769/680 719/785/696 718/793/704
f 696/749/660 670/748/659 718/793/704 722/791/702
f 715/788/699 722/791/702 726/794/705 732/795/706
f 721/790/701 716/792/703 724/796/707 728/1109/708
f 714/789/700 715/788/699 732/795/706 731/798/709
f 719/785/696 717/784/695 729/799/710 727/800/711
f 720/786/697 714/789/700 731/798/709 730/1138/712
f 713/787/698 720/1139/697 730/801/712 723/802/713
f 717/784/695 721/1110/701 728/797/708 729/799/710
f 718/793/704 719/785/696 727/800/711 725/803/714
f 722/791/702 718/793/704 725/803/714 726/794/705
f 716/792/703 713/787/698 723/802/713 724/796/707
f 705/782/693 591/669/580 589/804/715 703/805/716
f 591/669/580 541/619/530 533/806/717 589/804/715
f 541/619/530 542/617/528 534/807/718 533/806/717
f 542/617/528 543/614/525 539/808/719 534/807/718
f 543/614/525 540/613/524 521/809/720 539/808/719
f 703/805/716 589/804/715 588/666/577 702/1112/692
f 589/804/715 533/806/717 532/609/520 588/666/577
f 533/806/717 534/807/718 531/610/521 532/609/520
f 534/807/718 539/808/719 538/612/523 531/610/521
f 539/808/719 521/809/720 520/595/506 538/612/523
f 513/590/501 520/595/506 521/809/720 514/810/721
f 495/575/486 513/590/501 514/810/721 496/811/722
f 521/809/720 540/613/524 515/812/723 514/810/721
f 497/813/724 496/811/722 514/810/721 515/812/723
f 488/814/725 496/811/722 497/813/724 490/815/726
f 488/814/725 486/574/485 495/575/486 496/811/722
f 488/814/725 490/815/726 508/816/727 507/587/498
f 488/814/725 507/587/498 506/586/497 486/574/485
f 508/816/727 489/817/728 487/585/496 507/587/498
f 489/817/728 503/818/729 499/583/494 487/585/496
f 503/818/729 502/819/730 498/578/489 499/583/494
f 502/819/730 504/820/731 500/579/490 498/578/489
f 504/820/731 505/821/732 501/581/492 500/579/490
f 505/821/732 437/526/437 436/525/436 501/581/492
f 739/822/733 745/823/734 744/824/735 738/825/736
f 738/825/736 744/824/735 491/571/482 477/570/481
f 740/826/737 746/827/738 745/823/734 739/822/733
f 741/828/739 747/1107/740 746/827/738 740/826/737
f 736/830/741 751/831/742 749/832/743 733/833/744
f 439/531/442 438/529/440 752/834/745 737/835/746
f 733/833/744 749/832/743 750/836/747 734/837/748
f 737/835/746 752/834/745 751/831/742 736/830/741
f 734/837/748 750/836/747 742/838/749 735/839/750
f 735/839/750 742/838/749 754/840/751 753/841/752
f 746/827/738 757/842/753 756/843/754 745/823/734
f 747/1107/740 758/1106/755 757/842/753 746/827/738
f 745/823/734 756/843/754 755/845/756 744/824/735
f 744/824/735 755/845/756 509/592/503 491/571/482
f 757/842/753 762/846/757 761/847/758 756/843/754
f 758/1106/755 763/1105/759 762/846/757 757/842/753
f 756/843/754 761/847/758 760/849/760 755/845/756
f 755/845/756 760/849/760 516/597/508 509/592/503
f 760/849/760 765/850/761 522/598/509 516/597/508
f 761/847/758 766/851/762 767/852/763 772/853/764
f 766/851/762 768/854/765 769/855/766 767/852/763
f 768/854/765 770/856/767 771/857/768 769/855/766
f 760/849/760 761/847/758 772/853/764 765/850/761
f 777/858/769 773/1104/770 774/1101/771 778/861/772
f 768/854/765 777/858/769 778/861/772 770/856/767
f 762/846/757 779/862/773 766/851/762 761/847/758
f 763/1105/759 780/1103/774 779/862/773 762/846/757
f 766/851/762 779/862/773 777/858/769 768/854/765
f 773/1104/770 777/858/769 779/862/773 780/1103/774
f 540/613/524 544/616/527 787/864/775 784/865/776
f 784/865/776 787/864/775 786/866/777 783/867/778
f 783/867/778 786/866/777 785/868/779 782/869/780
f 544/616/527 548/622/533 790/870/781 787/864/775
f 787/864/775 790/870/781 789/871/782 786/866/777
f 786/866/777 789/871/782 788/872/783 785/868/779
f 806/873/784 791/874/785 805/875/786
f 807/876/787 792/877/788 791/874/785 806/873/784
f 792/877/788 794/878/789 793/879/790 791/874/785
f 791/874/785 793/879/790 805/875/786
f 793/879/790 795/880/791 805/875/786
f 794/878/789 796/881/792 795/880/791 793/879/790
f 795/880/791 797/882/793 805/875/786
f 796/881/792 798/883/794 797/882/793 795/880/791
f 797/882/793 799/884/795 805/875/786
f 798/883/794 800/885/796 799/884/795 797/882/793
f 799/884/795 801/886/797 805/875/786
f 800/885/796 802/887/798 801/886/797 799/884/795
f 801/886/797 803/888/799 805/875/786
f 802/887/798 804/889/800 803/888/799 801/886/797
f 803/888/799 806/873/784 805/875/786
f 804/889/800 807/876/787 806/873/784 803/888/799
f 813/890/801 811/891/802 570/644/555 571/643/554
f 811/891/802 812/892/803 569/646/557 570/644/555
f 802/887/798 800/885/796 810/893/804 808/894/805
f 804/889/800 802/887/798 808/894/805 809/895/806
f 771/857/768 792/877/788 807/876/787 769/855/766
f 769/855/766 807/876/787 804/889/800 767/852/763
f 767/852/763 804/889/800 809/895/806 772/853/764
f 808/894/805 810/893/804 812/892/803 811/891/802
f 809/895/806 808/894/805 811/891/802 813/890/801
f 772/853/764 809/895/806 813/890/801 765/850/761
f 765/850/761 813/890/801 571/643/554 522/598/509
f 789/871/782 815/896/807 814/897/808 788/872/783
f 815/896/807 817/898/809 816/899/810 814/897/808
f 794/878/789 792/877/788 820/1102/811 821/1099/812
f 814/897/808 831/902/813 829/903/814 788/872/783
f 778/861/772 826/904/815 822/905/816 770/856/767
f 820/900/811 834/1091/817 833/907/818 818/908/819
f 792/877/788 830/909/820 834/906/817 820/1102/811
f 771/857/768 823/910/821 830/909/820 792/877/788
f 774/1101/771 824/1089/822 826/904/815 778/861/772
f 816/899/810 832/912/823 831/902/813 814/897/808
f 788/872/783 829/903/814 828/913/824 785/868/779
f 785/868/779 828/913/824 827/914/825 782/869/780
f 770/856/767 822/905/816 823/910/821 771/857/768
f 818/908/819 833/907/818 832/912/823 816/899/810
f 815/896/807 835/915/826 836/916/827 817/898/809
f 835/915/826 601/673/584 602/672/583 836/916/827
f 790/870/781 548/622/533 601/673/584 835/915/826
f 789/871/782 790/870/781 835/915/826 815/896/807
f 810/893/804 838/917/828 839/918/829 812/892/803
f 800/885/796 837/919/830 838/917/828 810/893/804
f 812/892/803 839/918/829 604/677/588 569/646/557
f 838/917/828 841/920/831 842/921/832 839/918/829
f 837/919/830 840/922/833 841/920/831 838/917/828
f 839/918/829 842/921/832 608/681/592 604/677/588
f 837/919/830 843/923/834 844/924/835 840/922/833
f 843/923/834 845/925/836 846/1095/837 844/924/835
f 845/1100/836 847/927/838 848/928/839 846/926/837
f 847/927/838 849/929/840 850/930/841 848/928/839
f 836/916/827 602/672/583 621/691/602 851/931/842
f 851/931/842 621/691/602 622/693/604 852/932/843
f 800/885/796 798/883/794 843/923/834 837/919/830
f 798/883/794 796/881/792 845/925/836 843/923/834
f 796/881/792 794/878/789 821/1099/812 845/925/836
f 818/908/819 819/933/844 821/901/812 820/900/811
f 849/929/840 851/931/842 852/932/843 850/930/841
f 816/899/810 817/898/809 819/933/844 818/908/819
f 836/916/827 851/931/842 849/929/840 817/898/809
f 847/927/838 819/933/844 817/898/809 849/929/840
f 821/901/812 819/933/844 847/927/838 845/1100/836
f 863/934/845 854/935/846 855/936/847 862/937/848
f 864/938/849 853/939/850 854/935/846 863/934/845
f 862/937/848 855/936/847 624/702/613 636/701/612
f 861/940/851 856/941/852 630/705/616 634/704/615
f 860/942/853 858/943/854 857/944/855 859/945/856
f 859/945/856 857/944/855 856/941/852 861/940/851
f 841/920/831 859/945/856 861/940/851 842/921/832
f 840/922/833 860/942/853 859/945/856 841/920/831
f 842/921/832 861/940/851 634/704/615 608/681/592
f 856/941/852 862/937/848 636/701/612 630/705/616
f 858/943/854 864/938/849 863/934/845 857/944/855
f 857/944/855 863/934/845 862/937/848 856/941/852
f 854/935/846 866/946/857 867/947/858 855/936/847
f 853/939/850 865/948/859 866/946/857 854/935/846
f 855/936/847 867/947/858 640/714/625 624/702/613
f 905/1137/860 869/950/861 870/951/862 904/1136/863
f 906/1134/864 868/954/865 869/950/861 905/1137/860
f 904/1136/863 870/951/862 644/722/633 688/1135/632
f 869/950/861 872/955/866 873/956/867 870/951/862
f 868/954/865 871/957/868 872/955/866 869/950/861
f 870/951/862 873/956/867 648/726/637 644/722/633
f 872/955/866 875/958/869 876/959/870 873/956/867
f 871/957/868 874/960/871 875/958/869 872/955/866
f 873/956/867 876/959/870 652/730/641 648/726/637
f 875/958/869 878/961/872 879/962/873 876/959/870
f 874/960/871 877/963/874 878/961/872 875/958/869
f 876/959/870 879/962/873 656/734/645 652/730/641
f 878/961/872 881/964/875 882/965/876 879/962/873
f 877/963/874 880/966/877 881/964/875 878/961/872
f 879/962/873 882/965/876 660/738/649 656/734/645
f 902/967/878 850/930/841 852/932/843 900/968/879
f 903/969/880 848/928/839 850/930/841 902/967/878
f 900/968/879 852/932/843 622/693/604 684/742/653
f 853/939/850 883/970/881 884/971/882 865/948/859
f 883/970/881 916/972/883 913/1088/884 884/971/882
f 889/974/885 911/975/886 914/976/887 890/977/888
f 853/939/850 864/938/849 893/978/889 883/970/881
f 864/938/849 858/943/854 892/979/890 893/978/889
f 858/943/854 860/942/853 891/980/891 892/979/890
f 844/924/835 891/980/891 860/942/853 840/922/833
f 885/981/892 916/1098/883 912/1097/893 896/983/894
f 893/978/889 892/979/890 915/1096/895 912/982/893
f 892/979/890 891/980/891 917/1094/896 915/1096/895
f 846/1095/837 907/1093/897 917/1094/896 891/980/891 844/924/835
f 877/963/874 874/960/871 911/975/886 909/987/898
f 894/988/899 888/989/900 887/990/901 895/991/902
f 896/983/894 901/992/903 899/993/904 885/981/892
f 880/966/877 877/963/874 909/987/898 910/994/905
f 895/991/902 887/990/901 901/992/903 896/983/894
f 885/981/892 899/993/904 898/995/906 886/996/907
f 882/965/876 900/968/879 684/742/653 660/738/649
f 889/974/885 890/977/888 898/995/906 899/993/904
f 889/974/885 899/993/904 901/992/903 897/997/908
f 887/990/901 888/989/900 897/997/908 901/992/903
f 880/966/877 903/969/880 902/967/878 881/964/875
f 881/964/875 902/967/878 900/968/879 882/965/876
f 848/928/839 903/969/880 908/998/909 907/986/897 846/926/837
f 903/969/880 880/966/877 910/994/905 908/998/909
f 867/947/858 904/952/863 688/721/632 640/714/625
f 865/948/859 906/953/864 905/949/860 866/946/857
f 866/946/857 905/949/860 904/952/863 867/947/858
f 909/987/898 897/997/908 888/989/900 910/994/905
f 910/994/905 888/989/900 894/988/899 908/998/909
f 916/972/883 883/970/881 893/978/889 912/982/893
f 917/985/896 907/986/897 908/998/909 894/988/899
f 915/984/895 895/991/902 896/983/894 912/1097/893
f 917/985/896 894/988/899 895/991/902 915/984/895
f 916/1098/883 885/981/892 886/996/907 913/973/884
f 911/975/886 889/974/885 897/997/908 909/987/898
f 911/975/886 874/960/871 871/957/868 914/976/887
f 823/910/821 919/999/910 926/1055/911 830/909/820
f 831/902/813 927/1001/912 925/1053/913 829/903/814
f 826/904/815 922/1003/914 918/1061/915 822/905/816
f 822/905/816 918/1061/915 919/999/910 823/910/821
f 832/912/823 928/1005/916 927/1001/912 831/902/813
f 833/907/818 929/1006/917 928/1005/916 832/912/823
f 834/1091/817 930/1092/918 929/1006/917 833/907/818
f 824/1089/822 920/1090/919 922/1003/914 826/904/815
f 830/909/820 926/1055/911 930/1007/918 834/906/817
f 828/913/824 924/1009/920 923/1042/921 827/914/825
f 829/903/814 925/1053/913 924/1009/920 828/913/824
f 898/995/906 937/1011/922 935/1012/923 886/996/907
f 865/948/859 931/1013/924 938/1014/925 906/953/864
f 868/954/865 932/1015/926 933/1016/927 871/957/868
f 906/1134/864 938/1132/925 932/1015/926 868/954/865
f 886/996/907 935/1012/923 939/1017/928 913/973/884
f 871/957/868 933/1016/927 940/1018/929 914/976/887
f 884/971/882 934/1019/930 931/1013/924 865/948/859
f 913/1088/884 939/1086/928 934/1019/930 884/971/882
f 890/977/888 936/1020/931 937/1011/922 898/995/906
f 914/976/887 940/1018/929 936/1020/931 890/977/888
f 933/1016/927 950/1021/932 944/1022/933 940/1018/929
f 939/1086/928 946/1023/934 942/1024/935 934/1019/930
f 932/1015/926 949/1025/936 950/1021/932 933/1016/927
f 937/1011/922 945/1026/937 947/1027/938 935/1012/923
f 938/1132/925 948/1028/939 949/1025/936 932/1015/926
f 931/1013/924 941/1029/940 948/1133/939 938/1014/925
f 935/1012/923 947/1027/938 946/1087/934 939/1017/928
f 936/1020/931 943/1030/941 945/1026/937 937/1011/922
f 940/1018/929 944/1022/933 943/1030/941 936/1020/931
f 934/1019/930 942/1024/935 941/1029/940 931/1013/924
f 923/1042/921 921/1041/942 825/1032/943 827/914/825
f 827/914/825 825/1032/943 775/1033/944 782/869/780
f 782/869/780 775/1033/944 776/1034/945 783/867/778
f 783/867/778 776/1034/945 781/1035/946 784/865/776
f 784/865/776 781/1035/946 764/1036/947 540/613/524
f 921/1041/942 920/1008/919 824/911/822 825/1032/943
f 825/1032/943 824/911/822 774/860/771 775/1033/944
f 775/1033/944 774/860/771 773/859/770 776/1034/945
f 776/1034/945 773/859/770 780/863/774 781/1035/946
f 781/1035/946 780/863/774 763/848/759 764/1036/947
f 758/844/755 759/1037/948 764/1036/947 763/848/759
f 747/829/740 748/1038/949 759/1037/948 758/844/755
f 764/1036/947 759/1037/948 515/812/723 540/613/524
f 497/813/724 515/812/723 759/1037/948 748/1038/949
f 743/1039/950 490/815/726 497/813/724 748/1038/949
f 743/1039/950 748/1038/949 747/829/740 741/1108/739
f 743/1039/950 754/840/751 508/816/727 490/815/726
f 743/1039/950 741/1108/739 753/841/752 754/840/751
f 508/816/727 754/840/751 742/838/749 489/817/728
f 489/817/728 742/838/749 750/836/747 503/818/729
f 503/818/729 750/836/747 749/832/743 502/819/730
f 502/819/730 749/832/743 751/831/742 504/820/731
f 504/820/731 751/831/742 752/834/745 505/821/732
f 505/821/732 752/834/745 438/529/440 437/526/437
s off
f 926/1000/951 919/1062/952 918/1004/953 922/1057/954 920/1040/955 921/1031/956 923/1010/957 924/1054/958 925/1002/959 927/1060/960 928/1059/961 929/1058/962 930/1056/963
f 701/773/964 708/1079/965 712/780/966 711/779/967 710/778/968 709/775/969 707/1077/970 706/783/971 705/1065/972 703/1063/973 702/781/974 704/777/975 700/1085/976
f 942/1045/977 946/1046/978 947/1048/979 945/1049/980 943/1052/981 944/1043/982 950/1044/983 949/1047/984 948/1050/985 941/1051/986
f 723/1074/987 730/1073/988 731/1070/989 732/1066/990 726/1067/991 725/1075/992 727/1071/993 729/1072/994 728/1068/995 724/1069/996
